group,combo_type,combination,products,slope,r2
GALAXY,pair_sum,SOUNDS_BLACK_HOLES+SOUNDS_DARK_MATTER,GALAXY_SOUNDS_BLACK_HOLES | GALAXY_SOUNDS_DARK_MATTER,0.0010197844849997605,0.7625600463257713
GALAXY,pair_diff,SOUNDS_BLACK_HOLES-SOUNDS_DARK_MATTER,GALAXY_SOUNDS_BLACK_HOLES | GALAXY_SOUNDS_DARK_MATTER,0.000940714804549683,0.6424693711222662
GALAXY,pair_sum,SOUNDS_BLACK_HOLES+SOUNDS_PLANETARY_RINGS,GALAXY_SOUNDS_BLACK_HOLES | GALAXY_SOUNDS_PLANETARY_RINGS,0.0012892658382125176,0.7723322107703604
GALAXY,pair_diff,SOUNDS_BLACK_HOLES-SOUNDS_PLANETARY_RINGS,GALAXY_SOUNDS_BLACK_HOLES | GALAXY_SOUNDS_PLANETARY_RINGS,0.0006712334513369261,0.2420599100415553
GALAXY,pair_sum,SOUNDS_BLACK_HOLES+SOUNDS_SOLAR_FLAMES,GALAXY_SOUNDS_BLACK_HOLES | GALAXY_SOUNDS_SOLAR_FLAMES,0.0009265758495639731,0.6311715989615119
GALAXY,pair_diff,SOUNDS_BLACK_HOLES-SOUNDS_SOLAR_FLAMES,GALAXY_SOUNDS_BLACK_HOLES | GALAXY_SOUNDS_SOLAR_FLAMES,0.0010339234399854705,0.655960456377436
GALAXY,pair_sum,SOUNDS_BLACK_HOLES+SOUNDS_SOLAR_WINDS,GALAXY_SOUNDS_BLACK_HOLES | GALAXY_SOUNDS_SOLAR_WINDS,0.001395974060229971,0.8627643878273122
GALAXY,pair_diff,SOUNDS_BLACK_HOLES-SOUNDS_SOLAR_WINDS,GALAXY_SOUNDS_BLACK_HOLES | GALAXY_SOUNDS_SOLAR_WINDS,0.0005645252293194727,0.3279982036990061
GALAXY,pair_sum,SOUNDS_DARK_MATTER+SOUNDS_PLANETARY_RINGS,GALAXY_SOUNDS_DARK_MATTER | GALAXY_SOUNDS_PLANETARY_RINGS,0.0003485510336628344,0.09949567524336358
GALAXY,pair_diff,SOUNDS_DARK_MATTER-SOUNDS_PLANETARY_RINGS,GALAXY_SOUNDS_DARK_MATTER | GALAXY_SOUNDS_PLANETARY_RINGS,-0.000269481353212757,0.11444331046091559
GALAXY,pair_sum,SOUNDS_DARK_MATTER+SOUNDS_SOLAR_FLAMES,GALAXY_SOUNDS_DARK_MATTER | GALAXY_SOUNDS_SOLAR_FLAMES,-1.4138954985710046e-05,0.0004911325624273544
GALAXY,pair_diff,SOUNDS_DARK_MATTER-SOUNDS_SOLAR_FLAMES,GALAXY_SOUNDS_DARK_MATTER | GALAXY_SOUNDS_SOLAR_FLAMES,9.320863543578722e-05,0.02044542940012571
GALAXY,pair_sum,SOUNDS_DARK_MATTER+SOUNDS_SOLAR_WINDS,GALAXY_SOUNDS_DARK_MATTER | GALAXY_SOUNDS_SOLAR_WINDS,0.00045525925568028783,0.3920067603672122
GALAXY,pair_diff,SOUNDS_DARK_MATTER-SOUNDS_SOLAR_WINDS,GALAXY_SOUNDS_DARK_MATTER | GALAXY_SOUNDS_SOLAR_WINDS,-0.00037618957523021055,0.2602962352943428
GALAXY,pair_sum,SOUNDS_PLANETARY_RINGS+SOUNDS_SOLAR_FLAMES,GALAXY_SOUNDS_PLANETARY_RINGS | GALAXY_SOUNDS_SOLAR_FLAMES,0.0002553423982270468,0.06246532788935876
GALAXY,pair_diff,SOUNDS_PLANETARY_RINGS-SOUNDS_SOLAR_FLAMES,GALAXY_SOUNDS_PLANETARY_RINGS | GALAXY_SOUNDS_SOLAR_FLAMES,0.0003626899886485444,0.12403592924565146
GALAXY,pair_sum,SOUNDS_PLANETARY_RINGS+SOUNDS_SOLAR_WINDS,GALAXY_SOUNDS_PLANETARY_RINGS | GALAXY_SOUNDS_SOLAR_WINDS,0.0007247406088930449,0.413853361000031
GALAXY,pair_diff,SOUNDS_PLANETARY_RINGS-SOUNDS_SOLAR_WINDS,GALAXY_SOUNDS_PLANETARY_RINGS | GALAXY_SOUNDS_SOLAR_WINDS,-0.00010670822201745354,0.010586585920728569
GALAXY,pair_sum,SOUNDS_SOLAR_FLAMES+SOUNDS_SOLAR_WINDS,GALAXY_SOUNDS_SOLAR_FLAMES | GALAXY_SOUNDS_SOLAR_WINDS,0.00036205062024450066,0.29601013360626155
GALAXY,pair_diff,SOUNDS_SOLAR_FLAMES-SOUNDS_SOLAR_WINDS,GALAXY_SOUNDS_SOLAR_FLAMES | GALAXY_SOUNDS_SOLAR_WINDS,-0.0004693982106659983,0.2508665307955855
MICROCHIP,pair_sum,CIRCLE+OVAL,MICROCHIP_CIRCLE | MICROCHIP_OVAL,-0.0014941285742179203,0.8349938899225319
MICROCHIP,pair_diff,CIRCLE-OVAL,MICROCHIP_CIRCLE | MICROCHIP_OVAL,0.0019276191363506885,0.8248259774583805
MICROCHIP,pair_sum,CIRCLE+RECTANGLE,MICROCHIP_CIRCLE | MICROCHIP_RECTANGLE,-0.00043937387467263733,0.15081790955697555
MICROCHIP,pair_diff,CIRCLE-RECTANGLE,MICROCHIP_CIRCLE | MICROCHIP_RECTANGLE,0.000872864436805405,0.7741385726527285
MICROCHIP,pair_sum,CIRCLE+SQUARE,MICROCHIP_CIRCLE | MICROCHIP_SQUARE,0.001987924863832138,0.8589870866653857
MICROCHIP,pair_diff,CIRCLE-SQUARE,MICROCHIP_CIRCLE | MICROCHIP_SQUARE,-0.0015544343016993714,0.47488226368155867
MICROCHIP,pair_sum,CIRCLE+TRIANGLE,MICROCHIP_CIRCLE | MICROCHIP_TRIANGLE,-0.0005546974900074416,0.5111970741421894
MICROCHIP,pair_diff,CIRCLE-TRIANGLE,MICROCHIP_CIRCLE | MICROCHIP_TRIANGLE,0.000988188052140209,0.48674617985077817
MICROCHIP,pair_sum,OVAL+RECTANGLE,MICROCHIP_OVAL | MICROCHIP_RECTANGLE,-0.0023669930110233254,0.9344812981748789
MICROCHIP,pair_diff,OVAL-RECTANGLE,MICROCHIP_OVAL | MICROCHIP_RECTANGLE,-0.0010547546995452824,0.5749893582701074
MICROCHIP,pair_sum,OVAL+SQUARE,MICROCHIP_OVAL | MICROCHIP_SQUARE,6.030572748145102e-05,0.0017028040038207983
MICROCHIP,pair_diff,OVAL-SQUARE,MICROCHIP_OVAL | MICROCHIP_SQUARE,-0.003482053438050059,0.9172124908396836
MICROCHIP,pair_sum,OVAL+TRIANGLE,MICROCHIP_OVAL | MICROCHIP_TRIANGLE,-0.0024823166263581295,0.8631214170999276
MICROCHIP,pair_diff,OVAL-TRIANGLE,MICROCHIP_OVAL | MICROCHIP_TRIANGLE,-0.0009394310842104789,0.7774691052901889
MICROCHIP,pair_sum,RECTANGLE+SQUARE,MICROCHIP_RECTANGLE | MICROCHIP_SQUARE,0.0011150604270267338,0.6273078265784392
MICROCHIP,pair_diff,RECTANGLE-SQUARE,MICROCHIP_RECTANGLE | MICROCHIP_SQUARE,-0.002427298738504777,0.6965475152698852
MICROCHIP,pair_sum,RECTANGLE+TRIANGLE,MICROCHIP_RECTANGLE | MICROCHIP_TRIANGLE,-0.0014275619268128465,0.907496306248033
MICROCHIP,pair_diff,RECTANGLE-TRIANGLE,MICROCHIP_RECTANGLE | MICROCHIP_TRIANGLE,0.00011532361533480399,0.011935074835203384
MICROCHIP,pair_sum,SQUARE+TRIANGLE,MICROCHIP_SQUARE | MICROCHIP_TRIANGLE,0.0009997368116919298,0.2807530197849732
MICROCHIP,pair_diff,SQUARE-TRIANGLE,MICROCHIP_SQUARE | MICROCHIP_TRIANGLE,0.0025426223538395805,0.894856578930068
OXYGEN,pair_sum,SHAKE_CHOCOLATE+SHAKE_EVENING_BREATH,OXYGEN_SHAKE_CHOCOLATE | OXYGEN_SHAKE_EVENING_BREATH,0.0004293806572770895,0.2633183229242344
OXYGEN,pair_diff,SHAKE_CHOCOLATE-SHAKE_EVENING_BREATH,OXYGEN_SHAKE_CHOCOLATE | OXYGEN_SHAKE_EVENING_BREATH,0.0003410567305389519,0.20619028662665057
OXYGEN,pair_sum,SHAKE_CHOCOLATE+SHAKE_GARLIC,OXYGEN_SHAKE_CHOCOLATE | OXYGEN_SHAKE_GARLIC,0.001373217209596908,0.739159380818973
OXYGEN,pair_diff,SHAKE_CHOCOLATE-SHAKE_GARLIC,OXYGEN_SHAKE_CHOCOLATE | OXYGEN_SHAKE_GARLIC,-0.0006027798217808665,0.5114308066950988
OXYGEN,pair_sum,SHAKE_CHOCOLATE+SHAKE_MINT,OXYGEN_SHAKE_CHOCOLATE | OXYGEN_SHAKE_MINT,0.00017974084698304537,0.0561094569476804
OXYGEN,pair_diff,SHAKE_CHOCOLATE-SHAKE_MINT,OXYGEN_SHAKE_CHOCOLATE | OXYGEN_SHAKE_MINT,0.000590696540832996,0.3669938173950107
OXYGEN,pair_sum,SHAKE_CHOCOLATE+SHAKE_MORNING_BREATH,OXYGEN_SHAKE_CHOCOLATE | OXYGEN_SHAKE_MORNING_BREATH,-0.00017675560580195058,0.04816134843532662
OXYGEN,pair_diff,SHAKE_CHOCOLATE-SHAKE_MORNING_BREATH,OXYGEN_SHAKE_CHOCOLATE | OXYGEN_SHAKE_MORNING_BREATH,0.0009471929936179929,0.6767529036359053
OXYGEN,pair_sum,SHAKE_EVENING_BREATH+SHAKE_GARLIC,OXYGEN_SHAKE_EVENING_BREATH | OXYGEN_SHAKE_GARLIC,0.0010321604790579561,0.827839011877369
OXYGEN,pair_diff,SHAKE_EVENING_BREATH-SHAKE_GARLIC,OXYGEN_SHAKE_EVENING_BREATH | OXYGEN_SHAKE_GARLIC,-0.0009438365523198186,0.5699672369146637
OXYGEN,pair_sum,SHAKE_EVENING_BREATH+SHAKE_MINT,OXYGEN_SHAKE_EVENING_BREATH | OXYGEN_SHAKE_MINT,-0.00016131588355590648,0.06638523357725291
OXYGEN,pair_diff,SHAKE_EVENING_BREATH-SHAKE_MINT,OXYGEN_SHAKE_EVENING_BREATH | OXYGEN_SHAKE_MINT,0.0002496398102940442,0.08622296038363939
OXYGEN,pair_sum,SHAKE_EVENING_BREATH+SHAKE_MORNING_BREATH,OXYGEN_SHAKE_EVENING_BREATH | OXYGEN_SHAKE_MORNING_BREATH,-0.0005178123363409025,0.48094464116424873
OXYGEN,pair_diff,SHAKE_EVENING_BREATH-SHAKE_MORNING_BREATH,OXYGEN_SHAKE_EVENING_BREATH | OXYGEN_SHAKE_MORNING_BREATH,0.0006061362630790403,0.36552252208760916
OXYGEN,pair_sum,SHAKE_GARLIC+SHAKE_MINT,OXYGEN_SHAKE_GARLIC | OXYGEN_SHAKE_MINT,0.0007825206687639117,0.5364751535083776
OXYGEN,pair_diff,SHAKE_GARLIC-SHAKE_MINT,OXYGEN_SHAKE_GARLIC | OXYGEN_SHAKE_MINT,0.001193476362613863,0.7227902811678713
OXYGEN,pair_sum,SHAKE_GARLIC+SHAKE_MORNING_BREATH,OXYGEN_SHAKE_GARLIC | OXYGEN_SHAKE_MORNING_BREATH,0.00042602421597891585,0.21249840652549293
OXYGEN,pair_diff,SHAKE_GARLIC-SHAKE_MORNING_BREATH,OXYGEN_SHAKE_GARLIC | OXYGEN_SHAKE_MORNING_BREATH,0.0015499728153988588,0.8878598132773747
OXYGEN,pair_sum,SHAKE_MINT+SHAKE_MORNING_BREATH,OXYGEN_SHAKE_MINT | OXYGEN_SHAKE_MORNING_BREATH,-0.0007674521466349467,0.5233162468077024
OXYGEN,pair_diff,SHAKE_MINT-SHAKE_MORNING_BREATH,OXYGEN_SHAKE_MINT | OXYGEN_SHAKE_MORNING_BREATH,0.00035649645278499606,0.18171366208146042
PANEL,pair_sum,1X2+1X4,PANEL_1X2 | PANEL_1X4,-0.0006608165041431293,0.4423192999425267
PANEL,pair_diff,1X2-1X4,PANEL_1X2 | PANEL_1X4,0.0007433399168459331,0.30772176624620035
PANEL,pair_sum,1X2+2X2,PANEL_1X2 | PANEL_2X2,-0.0004264002562304447,0.36314122550795525
PANEL,pair_diff,1X2-2X2,PANEL_1X2 | PANEL_2X2,0.0005089236689332484,0.15778307737051933
PANEL,pair_sum,1X2+2X4,PANEL_1X2 | PANEL_2X4,0.0006815922728462134,0.41652615447928826
PANEL,pair_diff,1X2-2X4,PANEL_1X2 | PANEL_2X4,-0.0005990688601434101,0.41654024256275485
PANEL,pair_sum,1X2+4X4,PANEL_1X2 | PANEL_4X4,-5.734965106374257e-07,3.4847151872998665e-07
PANEL,pair_diff,1X2-4X4,PANEL_1X2 | PANEL_4X4,8.3096909213441e-05,0.012760137392935094
PANEL,pair_sum,1X4+2X2,PANEL_1X4 | PANEL_2X2,-0.0011697401730763784,0.5469921437437679
PANEL,pair_diff,1X4-2X2,PANEL_1X4 | PANEL_2X2,-0.00023441624791268475,0.096806057981489
PANEL,pair_sum,1X4+2X4,PANEL_1X4 | PANEL_2X4,-6.17476439997196e-05,0.006258227037697012
PANEL,pair_diff,1X4-2X4,PANEL_1X4 | PANEL_2X4,-0.0013424087769893433,0.7853455419892056
PANEL,pair_sum,1X4+4X4,PANEL_1X4 | PANEL_4X4,-0.0007439134133565705,0.5680075134622254
PANEL,pair_diff,1X4-4X4,PANEL_1X4 | PANEL_4X4,-0.0006602430076324921,0.303225805194679
PANEL,pair_sum,2X2+2X4,PANEL_2X2 | PANEL_2X4,0.00017266860391296503,0.05073227846754044
PANEL,pair_diff,2X2-2X4,PANEL_2X2 | PANEL_2X4,-0.0011079925290766583,0.7327110013447696
PANEL,pair_sum,2X2+4X4,PANEL_2X2 | PANEL_4X4,-0.0005094971654438857,0.5416035857041259
PANEL,pair_diff,2X2-4X4,PANEL_2X2 | PANEL_4X4,-0.0004258267597198075,0.14035464911655798
PANEL,pair_sum,2X4+4X4,PANEL_2X4 | PANEL_4X4,0.0005984953636327725,0.5349344702539485
PANEL,pair_diff,2X4-4X4,PANEL_2X4 | PANEL_4X4,0.0006821657693568509,0.4969868552980774
PEBBLES,pair_sum,L+M,PEBBLES_L | PEBBLES_M,0.0007476801976285337,0.3653837238053104
PEBBLES,pair_diff,L-M,PEBBLES_L | PEBBLES_M,-0.0003992576632436196,0.20855848597024912
PEBBLES,pair_sum,L+S,PEBBLES_L | PEBBLES_S,-0.0006855342856539271,0.374750180549401
PEBBLES,pair_diff,L-S,PEBBLES_L | PEBBLES_S,0.0010339568200388408,0.6557627112619724
PEBBLES,pair_sum,L+XL,PEBBLES_L | PEBBLES_XL,0.001874477011393863,0.8481091838515887
PEBBLES,pair_diff,L-XL,PEBBLES_L | PEBBLES_XL,-0.0015260544770089497,0.4389200975998974
PEBBLES,pair_sum,L+XS,PEBBLES_L | PEBBLES_XS,-0.0014139783117299758,0.7482927957327191
PEBBLES,pair_diff,L-XS,PEBBLES_L | PEBBLES_XS,0.00176240084611489,0.7835917252353116
PEBBLES,pair_sum,M+S,PEBBLES_M | PEBBLES_S,-0.0002862766224103073,0.13314393349776737
PEBBLES,pair_diff,M-S,PEBBLES_M | PEBBLES_S,0.0014332144832824602,0.8224412330294449
PEBBLES,pair_sum,M+XL,PEBBLES_M | PEBBLES_XL,0.002273734674637483,0.8644177670909473
PEBBLES,pair_diff,M-XL,PEBBLES_M | PEBBLES_XL,-0.0011267968137653294,0.3434502611174705
PEBBLES,pair_sum,M+XS,PEBBLES_M | PEBBLES_XS,-0.0010147206484863562,0.6488241968272718
PEBBLES,pair_diff,M-XS,PEBBLES_M | PEBBLES_XS,0.0021616585093585093,0.8854039920224642
PEBBLES,pair_sum,S+XL,PEBBLES_S | PEBBLES_XL,0.0008405201913550223,0.3839187946280972
PEBBLES,pair_diff,S-XL,PEBBLES_S | PEBBLES_XL,-0.00256001129704779,0.7776584777540606
PEBBLES,pair_sum,S+XS,PEBBLES_S | PEBBLES_XS,-0.0024479351317688173,0.9514090694913001
PEBBLES,pair_diff,S-XS,PEBBLES_S | PEBBLES_XS,0.0007284440260760487,0.45898121409093096
PEBBLES,pair_sum,XL+XS,PEBBLES_XL | PEBBLES_XS,0.00011207616527897349,0.00946837088991643
PEBBLES,pair_diff,XL-XS,PEBBLES_XL | PEBBLES_XS,0.003288455323123839,0.8520031668418971
ROBOT,pair_sum,DISHES+IRONING,ROBOT_DISHES | ROBOT_IRONING,-0.00021704456683449398,0.10159768783073232
ROBOT,pair_diff,DISHES-IRONING,ROBOT_DISHES | ROBOT_IRONING,0.0013412993776747773,0.9236485750833067
ROBOT,pair_sum,DISHES+LAUNDRY,ROBOT_DISHES | ROBOT_LAUNDRY,-6.435526851595382e-07,1.6131993077643039e-06
ROBOT,pair_diff,DISHES-LAUNDRY,ROBOT_DISHES | ROBOT_LAUNDRY,0.0011248983635254426,0.8029958499242641
ROBOT,pair_sum,DISHES+MOPPING,ROBOT_DISHES | ROBOT_MOPPING,0.0012027963055031062,0.8520835606636263
ROBOT,pair_diff,DISHES-MOPPING,ROBOT_DISHES | ROBOT_MOPPING,-7.854149466282389e-05,0.008840979749809848
ROBOT,pair_sum,DISHES+VACUUMING,ROBOT_DISHES | ROBOT_VACUUMING,2.185055593205619e-05,0.0019121392825765548
ROBOT,pair_diff,DISHES-VACUUMING,ROBOT_DISHES | ROBOT_VACUUMING,0.0011024042549082269,0.9065860057506733
ROBOT,pair_sum,IRONING+LAUNDRY,ROBOT_IRONING | ROBOT_LAUNDRY,-0.001341942930359936,0.8086829989285824
ROBOT,pair_diff,IRONING-LAUNDRY,ROBOT_IRONING | ROBOT_LAUNDRY,-0.00021640101414933455,0.12838894008779145
ROBOT,pair_sum,IRONING+MOPPING,ROBOT_IRONING | ROBOT_MOPPING,-0.00013850307217167006,0.06580068177230984
ROBOT,pair_diff,IRONING-MOPPING,ROBOT_IRONING | ROBOT_MOPPING,-0.0014198408723376005,0.704116737565213
ROBOT,pair_sum,IRONING+VACUUMING,ROBOT_IRONING | ROBOT_VACUUMING,-0.001319448821742721,0.8543819491428567
ROBOT,pair_diff,IRONING-VACUUMING,ROBOT_IRONING | ROBOT_VACUUMING,-0.0002388951227665501,0.18317861581059977
ROBOT,pair_sum,LAUNDRY+MOPPING,ROBOT_LAUNDRY | ROBOT_MOPPING,7.789794197766429e-05,0.015510488905253292
ROBOT,pair_diff,LAUNDRY-MOPPING,ROBOT_LAUNDRY | ROBOT_MOPPING,-0.0012034398581882663,0.6629755905443567
ROBOT,pair_sum,LAUNDRY+VACUUMING,ROBOT_LAUNDRY | ROBOT_VACUUMING,-0.0011030478075933863,0.7722272327288602
ROBOT,pair_diff,LAUNDRY-VACUUMING,ROBOT_LAUNDRY | ROBOT_VACUUMING,-2.249410861721566e-05,0.002598351576618149
ROBOT,pair_sum,MOPPING+VACUUMING,ROBOT_MOPPING | ROBOT_VACUUMING,0.00010039205059488003,0.032933142558372805
ROBOT,pair_diff,MOPPING-VACUUMING,ROBOT_MOPPING | ROBOT_VACUUMING,0.0011809457495710505,0.6879179877344879
SLEEP,pair_sum,POD_COTTON+POD_LAMB_WOOL,SLEEP_POD_COTTON | SLEEP_POD_LAMB_WOOL,0.0008926566705396184,0.5942548959991711
SLEEP,pair_diff,POD_COTTON-POD_LAMB_WOOL,SLEEP_POD_COTTON | SLEEP_POD_LAMB_WOOL,0.0007537573265830637,0.46739458471231143
SLEEP,pair_sum,POD_COTTON+POD_NYLON,SLEEP_POD_COTTON | SLEEP_POD_NYLON,0.0011614549952771716,0.7197243257682213
SLEEP,pair_diff,POD_COTTON-POD_NYLON,SLEEP_POD_COTTON | SLEEP_POD_NYLON,0.0004849590018455099,0.25644870749796256
SLEEP,pair_sum,POD_COTTON+POD_POLYESTER,SLEEP_POD_COTTON | SLEEP_POD_POLYESTER,0.0018340833335656484,0.7733120008825124
SLEEP,pair_diff,POD_COTTON-POD_POLYESTER,SLEEP_POD_COTTON | SLEEP_POD_POLYESTER,-0.00018766933644296583,0.11761234874265573
SLEEP,pair_sum,POD_COTTON+POD_SUEDE,SLEEP_POD_COTTON | SLEEP_POD_SUEDE,0.0016782735082425258,0.777273795432783
SLEEP,pair_diff,POD_COTTON-POD_SUEDE,SLEEP_POD_COTTON | SLEEP_POD_SUEDE,-3.18595111198439e-05,0.0015928577007293249
SLEEP,pair_sum,POD_LAMB_WOOL+POD_NYLON,SLEEP_POD_LAMB_WOOL | SLEEP_POD_NYLON,0.0004076976686941085,0.1957607982703187
SLEEP,pair_diff,POD_LAMB_WOOL-POD_NYLON,SLEEP_POD_LAMB_WOOL | SLEEP_POD_NYLON,-0.00026879832473755374,0.24389313587087866
SLEEP,pair_sum,POD_LAMB_WOOL+POD_POLYESTER,SLEEP_POD_LAMB_WOOL | SLEEP_POD_POLYESTER,0.0010803260069825844,0.7992461693322639
SLEEP,pair_diff,POD_LAMB_WOOL-POD_POLYESTER,SLEEP_POD_LAMB_WOOL | SLEEP_POD_POLYESTER,-0.0009414266630260297,0.5743569557863517
SLEEP,pair_sum,POD_LAMB_WOOL+POD_SUEDE,SLEEP_POD_LAMB_WOOL | SLEEP_POD_SUEDE,0.0009245161816594624,0.6851548191926713
SLEEP,pair_diff,POD_LAMB_WOOL-POD_SUEDE,SLEEP_POD_LAMB_WOOL | SLEEP_POD_SUEDE,-0.0007856168377029074,0.4513697389269892
SLEEP,pair_sum,POD_NYLON+POD_POLYESTER,SLEEP_POD_NYLON | SLEEP_POD_POLYESTER,0.001349124331720138,0.89794608389708
SLEEP,pair_diff,POD_NYLON-POD_POLYESTER,SLEEP_POD_NYLON | SLEEP_POD_POLYESTER,-0.000672628338288476,0.37351888524183763
SLEEP,pair_sum,POD_NYLON+POD_SUEDE,SLEEP_POD_NYLON | SLEEP_POD_SUEDE,0.0011933145063970161,0.8592731083635078
SLEEP,pair_diff,POD_NYLON-POD_SUEDE,SLEEP_POD_NYLON | SLEEP_POD_SUEDE,-0.000516818512965354,0.22396937405488904
SLEEP,pair_sum,POD_POLYESTER+POD_SUEDE,SLEEP_POD_POLYESTER | SLEEP_POD_SUEDE,0.001865942844685492,0.7966536865102625
SLEEP,pair_diff,POD_POLYESTER-POD_SUEDE,SLEEP_POD_POLYESTER | SLEEP_POD_SUEDE,0.0001558098253231221,0.07196307701204056
SNACKPACK,pair_sum,CHOCOLATE+PISTACHIO,SNACKPACK_CHOCOLATE | SNACKPACK_PISTACHIO,-0.0003275942364373269,0.7260646023212274
SNACKPACK,pair_diff,CHOCOLATE-PISTACHIO,SNACKPACK_CHOCOLATE | SNACKPACK_PISTACHIO,1.6011534902235047e-05,0.004802641705884271
SNACKPACK,pair_sum,CHOCOLATE+RASPBERRY,SNACKPACK_CHOCOLATE | SNACKPACK_RASPBERRY,-0.0001491041331978935,0.23071938942469333
SNACKPACK,pair_diff,CHOCOLATE-RASPBERRY,SNACKPACK_CHOCOLATE | SNACKPACK_RASPBERRY,-0.0001624785683371984,0.30005158636002394
SNACKPACK,pair_sum,CHOCOLATE+STRAWBERRY,SNACKPACK_CHOCOLATE | SNACKPACK_STRAWBERRY,0.000197477440416086,0.3127953372132015
SNACKPACK,pair_diff,CHOCOLATE-STRAWBERRY,SNACKPACK_CHOCOLATE | SNACKPACK_STRAWBERRY,-0.0005090601419511778,0.7729687992636989
SNACKPACK,pair_sum,CHOCOLATE+VANILLA,SNACKPACK_CHOCOLATE | SNACKPACK_VANILLA,-6.591759833879733e-05,0.561290614336549
SNACKPACK,pair_diff,CHOCOLATE-VANILLA,SNACKPACK_CHOCOLATE | SNACKPACK_VANILLA,-0.0002456651031962945,0.3267842965496266
SNACKPACK,pair_sum,PISTACHIO+RASPBERRY,SNACKPACK_PISTACHIO | SNACKPACK_RASPBERRY,-0.00016511566810012852,0.6326771392103707
SNACKPACK,pair_diff,PISTACHIO-RASPBERRY,SNACKPACK_PISTACHIO | SNACKPACK_RASPBERRY,-0.00017849010323943345,0.24978305583726645
SNACKPACK,pair_sum,PISTACHIO+STRAWBERRY,SNACKPACK_PISTACHIO | SNACKPACK_STRAWBERRY,0.000181465905513851,0.2304302092818793
SNACKPACK,pair_diff,PISTACHIO-STRAWBERRY,SNACKPACK_PISTACHIO | SNACKPACK_STRAWBERRY,-0.0005250716768534128,0.9089463865689986
SNACKPACK,pair_sum,PISTACHIO+VANILLA,SNACKPACK_PISTACHIO | SNACKPACK_VANILLA,-8.192913324103235e-05,0.1093026005820043
SNACKPACK,pair_diff,PISTACHIO-VANILLA,SNACKPACK_PISTACHIO | SNACKPACK_VANILLA,-0.0002616766380985296,0.5837169312975566
SNACKPACK,pair_sum,RASPBERRY+STRAWBERRY,SNACKPACK_RASPBERRY | SNACKPACK_STRAWBERRY,0.0003599560087532844,0.8838542059713604
SNACKPACK,pair_diff,RASPBERRY-STRAWBERRY,SNACKPACK_RASPBERRY | SNACKPACK_STRAWBERRY,-0.0003465815736139796,0.4247731170382529
SNACKPACK,pair_sum,RASPBERRY+VANILLA,SNACKPACK_RASPBERRY | SNACKPACK_VANILLA,9.65609699984011e-05,0.11273117376365263
SNACKPACK,pair_diff,RASPBERRY-VANILLA,SNACKPACK_RASPBERRY | SNACKPACK_VANILLA,-8.318653485909617e-05,0.08741536068144652
SNACKPACK,pair_sum,STRAWBERRY+VANILLA,SNACKPACK_STRAWBERRY | SNACKPACK_VANILLA,0.0004431425436123805,0.73291207166382
SNACKPACK,pair_diff,STRAWBERRY-VANILLA,SNACKPACK_STRAWBERRY | SNACKPACK_VANILLA,0.0002633950387548834,0.4092520296288477
TRANSLATOR,pair_sum,ASTRO_BLACK+ECLIPSE_CHARCOAL,TRANSLATOR_ASTRO_BLACK | TRANSLATOR_ECLIPSE_CHARCOAL,-0.0003459210563899123,0.30141615987403225
TRANSLATOR,pair_diff,ASTRO_BLACK-ECLIPSE_CHARCOAL,TRANSLATOR_ASTRO_BLACK | TRANSLATOR_ECLIPSE_CHARCOAL,-0.00043554699274505205,0.3271574692092891
TRANSLATOR,pair_sum,ASTRO_BLACK+GRAPHITE_MIST,TRANSLATOR_ASTRO_BLACK | TRANSLATOR_GRAPHITE_MIST,-0.00012619386980354874,0.030219991844139277
TRANSLATOR,pair_diff,ASTRO_BLACK-GRAPHITE_MIST,TRANSLATOR_ASTRO_BLACK | TRANSLATOR_GRAPHITE_MIST,-0.0006552741793314158,0.5518815883888577
TRANSLATOR,pair_sum,ASTRO_BLACK+SPACE_GRAY,TRANSLATOR_ASTRO_BLACK | TRANSLATOR_SPACE_GRAY,-0.0007570718530245244,0.7226845177332069
TRANSLATOR,pair_diff,ASTRO_BLACK-SPACE_GRAY,TRANSLATOR_ASTRO_BLACK | TRANSLATOR_SPACE_GRAY,-2.439619611044017e-05,0.0011437588478925749
TRANSLATOR,pair_sum,ASTRO_BLACK+VOID_BLUE,TRANSLATOR_ASTRO_BLACK | TRANSLATOR_VOID_BLUE,0.0001262681553536313,0.06044031718100636
TRANSLATOR,pair_diff,ASTRO_BLACK-VOID_BLUE,TRANSLATOR_ASTRO_BLACK | TRANSLATOR_VOID_BLUE,-0.0009077362044885959,0.6485408801019761
TRANSLATOR,pair_sum,ECLIPSE_CHARCOAL+GRAPHITE_MIST,TRANSLATOR_ECLIPSE_CHARCOAL | TRANSLATOR_GRAPHITE_MIST,0.0003093531229415035,0.1979021840643454
TRANSLATOR,pair_diff,ECLIPSE_CHARCOAL-GRAPHITE_MIST,TRANSLATOR_ECLIPSE_CHARCOAL | TRANSLATOR_GRAPHITE_MIST,-0.0002197271865863635,0.09300470389454821
TRANSLATOR,pair_sum,ECLIPSE_CHARCOAL+SPACE_GRAY,TRANSLATOR_ECLIPSE_CHARCOAL | TRANSLATOR_SPACE_GRAY,-0.00032152486027947207,0.23839772731609457
TRANSLATOR,pair_diff,ECLIPSE_CHARCOAL-SPACE_GRAY,TRANSLATOR_ECLIPSE_CHARCOAL | TRANSLATOR_SPACE_GRAY,0.00041115079663461195,0.2927159086033143
TRANSLATOR,pair_sum,ECLIPSE_CHARCOAL+VOID_BLUE,TRANSLATOR_ECLIPSE_CHARCOAL | TRANSLATOR_VOID_BLUE,0.0005618151480986835,0.36168101039657774
TRANSLATOR,pair_diff,ECLIPSE_CHARCOAL-VOID_BLUE,TRANSLATOR_ECLIPSE_CHARCOAL | TRANSLATOR_VOID_BLUE,-0.00047218921174354357,0.6205455711301877
TRANSLATOR,pair_sum,GRAPHITE_MIST+SPACE_GRAY,TRANSLATOR_GRAPHITE_MIST | TRANSLATOR_SPACE_GRAY,-0.0001017976736931085,0.0150293000928834
TRANSLATOR,pair_diff,GRAPHITE_MIST-SPACE_GRAY,TRANSLATOR_GRAPHITE_MIST | TRANSLATOR_SPACE_GRAY,0.0006308779832209755,0.6125096520057856
TRANSLATOR,pair_sum,GRAPHITE_MIST+VOID_BLUE,TRANSLATOR_GRAPHITE_MIST | TRANSLATOR_VOID_BLUE,0.000781542334685047,0.7138652354906585
TRANSLATOR,pair_diff,GRAPHITE_MIST-VOID_BLUE,TRANSLATOR_GRAPHITE_MIST | TRANSLATOR_VOID_BLUE,-0.00025246202515718,0.09046925697929523
TRANSLATOR,pair_sum,SPACE_GRAY+VOID_BLUE,TRANSLATOR_SPACE_GRAY | TRANSLATOR_VOID_BLUE,0.0001506643514640714,0.058242767669587144
TRANSLATOR,pair_diff,SPACE_GRAY-VOID_BLUE,TRANSLATOR_SPACE_GRAY | TRANSLATOR_VOID_BLUE,-0.0008833400083781553,0.661897153574106
UV,pair_sum,VISOR_AMBER+VISOR_MAGENTA,UV_VISOR_AMBER | UV_VISOR_MAGENTA,-0.0005174109563293455,0.6491158023873229
UV,pair_diff,VISOR_AMBER-VISOR_MAGENTA,UV_VISOR_AMBER | UV_VISOR_MAGENTA,-0.0016813686576715205,0.8721098174741504
UV,pair_sum,VISOR_AMBER+VISOR_ORANGE,UV_VISOR_AMBER | UV_VISOR_ORANGE,-0.0007165084158316759,0.7449800275406164
UV,pair_diff,VISOR_AMBER-VISOR_ORANGE,UV_VISOR_AMBER | UV_VISOR_ORANGE,-0.0014822711981691903,0.7933444955480004
UV,pair_sum,VISOR_AMBER+VISOR_RED,UV_VISOR_AMBER | UV_VISOR_RED,-0.0006269929698811031,0.4539143959619556
UV,pair_diff,VISOR_AMBER-VISOR_RED,UV_VISOR_AMBER | UV_VISOR_RED,-0.0015717866441197627,0.9132601579966708
UV,pair_sum,VISOR_AMBER+VISOR_YELLOW,UV_VISOR_AMBER | UV_VISOR_YELLOW,-0.0011473302521859225,0.7612858398826715
UV,pair_diff,VISOR_AMBER-VISOR_YELLOW,UV_VISOR_AMBER | UV_VISOR_YELLOW,-0.0010514493618149435,0.5116800049240507
UV,pair_sum,VISOR_MAGENTA+VISOR_ORANGE,UV_VISOR_MAGENTA | UV_VISOR_ORANGE,0.0009648602418398447,0.6498556682626557
UV,pair_diff,VISOR_MAGENTA-VISOR_ORANGE,UV_VISOR_MAGENTA | UV_VISOR_ORANGE,0.0001990974595023305,0.10440222821519282
UV,pair_sum,VISOR_MAGENTA+VISOR_RED,UV_VISOR_MAGENTA | UV_VISOR_RED,0.0010543756877904177,0.8800307457702229
UV,pair_diff,VISOR_MAGENTA-VISOR_RED,UV_VISOR_MAGENTA | UV_VISOR_RED,0.00010958201355175783,0.018149443861296632
UV,pair_sum,VISOR_MAGENTA+VISOR_YELLOW,UV_VISOR_MAGENTA | UV_VISOR_YELLOW,0.0005340384054855981,0.1981716253330448
UV,pair_diff,VISOR_MAGENTA-VISOR_YELLOW,UV_VISOR_MAGENTA | UV_VISOR_YELLOW,0.0006299192958565768,0.4933588241305661
UV,pair_sum,VISOR_ORANGE+VISOR_RED,UV_VISOR_ORANGE | UV_VISOR_RED,0.000855278228288087,0.5977732093689235
UV,pair_diff,VISOR_ORANGE-VISOR_RED,UV_VISOR_ORANGE | UV_VISOR_RED,-8.951544595057273e-05,0.015843447638887467
UV,pair_sum,VISOR_ORANGE+VISOR_YELLOW,UV_VISOR_ORANGE | UV_VISOR_YELLOW,0.00033494094598326756,0.11146623242438475
UV,pair_diff,VISOR_ORANGE-VISOR_YELLOW,UV_VISOR_ORANGE | UV_VISOR_YELLOW,0.00043082183635424645,0.17820314240715093
UV,pair_sum,VISOR_RED+VISOR_YELLOW,UV_VISOR_RED | UV_VISOR_YELLOW,0.00042445639193384034,0.29659871310564073
UV,pair_diff,VISOR_RED-VISOR_YELLOW,UV_VISOR_RED | UV_VISOR_YELLOW,0.0005203372823048191,0.174315722198776
GALAXY,triple_sum,SOUNDS_BLACK_HOLES+SOUNDS_DARK_MATTER+SOUNDS_PLANETARY_RINGS,GALAXY_SOUNDS_BLACK_HOLES | GALAXY_SOUNDS_DARK_MATTER | GALAXY_SOUNDS_PLANETARY_RINGS,0.0013288006784375563,0.6832117455690816
GALAXY,triple_A+B-C,SOUNDS_BLACK_HOLES+SOUNDS_DARK_MATTER-SOUNDS_PLANETARY_RINGS,GALAXY_SOUNDS_BLACK_HOLES | GALAXY_SOUNDS_DARK_MATTER | GALAXY_SOUNDS_PLANETARY_RINGS,0.0007107682915619649,0.2959379527215883
GALAXY,triple_A+C-B,SOUNDS_BLACK_HOLES+SOUNDS_PLANETARY_RINGS-SOUNDS_DARK_MATTER,GALAXY_SOUNDS_BLACK_HOLES | GALAXY_SOUNDS_DARK_MATTER | GALAXY_SOUNDS_PLANETARY_RINGS,0.001249730997987479,0.7764187513014071
GALAXY,triple_B+C-A,SOUNDS_DARK_MATTER+SOUNDS_PLANETARY_RINGS-SOUNDS_BLACK_HOLES,GALAXY_SOUNDS_BLACK_HOLES | GALAXY_SOUNDS_DARK_MATTER | GALAXY_SOUNDS_PLANETARY_RINGS,-0.0006316986111118872,0.1729551058539549
GALAXY,triple_sum,SOUNDS_BLACK_HOLES+SOUNDS_DARK_MATTER+SOUNDS_SOLAR_FLAMES,GALAXY_SOUNDS_BLACK_HOLES | GALAXY_SOUNDS_DARK_MATTER | GALAXY_SOUNDS_SOLAR_FLAMES,0.000966110689789012,0.6263024435684351
GALAXY,triple_A+B-C,SOUNDS_BLACK_HOLES+SOUNDS_DARK_MATTER-SOUNDS_SOLAR_FLAMES,GALAXY_SOUNDS_BLACK_HOLES | GALAXY_SOUNDS_DARK_MATTER | GALAXY_SOUNDS_SOLAR_FLAMES,0.0010734582802105093,0.6482381168426997
GALAXY,triple_A+C-B,SOUNDS_BLACK_HOLES+SOUNDS_SOLAR_FLAMES-SOUNDS_DARK_MATTER,GALAXY_SOUNDS_BLACK_HOLES | GALAXY_SOUNDS_DARK_MATTER | GALAXY_SOUNDS_SOLAR_FLAMES,0.0008870410093389343,0.517042733895297
GALAXY,triple_B+C-A,SOUNDS_DARK_MATTER+SOUNDS_SOLAR_FLAMES-SOUNDS_BLACK_HOLES,GALAXY_SOUNDS_BLACK_HOLES | GALAXY_SOUNDS_DARK_MATTER | GALAXY_SOUNDS_SOLAR_FLAMES,-0.0009943885997604316,0.5575926572392375
GALAXY,triple_sum,SOUNDS_BLACK_HOLES+SOUNDS_DARK_MATTER+SOUNDS_SOLAR_WINDS,GALAXY_SOUNDS_BLACK_HOLES | GALAXY_SOUNDS_DARK_MATTER | GALAXY_SOUNDS_SOLAR_WINDS,0.0014355089004550097,0.8621278331323047
GALAXY,triple_A+B-C,SOUNDS_BLACK_HOLES+SOUNDS_DARK_MATTER-SOUNDS_SOLAR_WINDS,GALAXY_SOUNDS_BLACK_HOLES | GALAXY_SOUNDS_DARK_MATTER | GALAXY_SOUNDS_SOLAR_WINDS,0.000604060069544511,0.32634870768254687
GALAXY,triple_A+C-B,SOUNDS_BLACK_HOLES+SOUNDS_SOLAR_WINDS-SOUNDS_DARK_MATTER,GALAXY_SOUNDS_BLACK_HOLES | GALAXY_SOUNDS_DARK_MATTER | GALAXY_SOUNDS_SOLAR_WINDS,0.0013564392200049323,0.7606673442183114
GALAXY,triple_B+C-A,SOUNDS_DARK_MATTER+SOUNDS_SOLAR_WINDS-SOUNDS_BLACK_HOLES,GALAXY_SOUNDS_BLACK_HOLES | GALAXY_SOUNDS_DARK_MATTER | GALAXY_SOUNDS_SOLAR_WINDS,-0.0005249903890944337,0.2467975836995734
GALAXY,triple_sum,SOUNDS_BLACK_HOLES+SOUNDS_PLANETARY_RINGS+SOUNDS_SOLAR_FLAMES,GALAXY_SOUNDS_BLACK_HOLES | GALAXY_SOUNDS_PLANETARY_RINGS | GALAXY_SOUNDS_SOLAR_FLAMES,0.001235592043001769,0.6698147479572244
GALAXY,triple_A+B-C,SOUNDS_BLACK_HOLES+SOUNDS_PLANETARY_RINGS-SOUNDS_SOLAR_FLAMES,GALAXY_SOUNDS_BLACK_HOLES | GALAXY_SOUNDS_PLANETARY_RINGS | GALAXY_SOUNDS_SOLAR_FLAMES,0.0013429396334232663,0.7029886888146466
GALAXY,triple_A+C-B,SOUNDS_BLACK_HOLES+SOUNDS_SOLAR_FLAMES-SOUNDS_PLANETARY_RINGS,GALAXY_SOUNDS_BLACK_HOLES | GALAXY_SOUNDS_PLANETARY_RINGS | GALAXY_SOUNDS_SOLAR_FLAMES,0.0006175596561261773,0.1901984550399911
GALAXY,triple_B+C-A,SOUNDS_PLANETARY_RINGS+SOUNDS_SOLAR_FLAMES-SOUNDS_BLACK_HOLES,GALAXY_SOUNDS_BLACK_HOLES | GALAXY_SOUNDS_PLANETARY_RINGS | GALAXY_SOUNDS_SOLAR_FLAMES,-0.0007249072465476747,0.2327400867434519
GALAXY,triple_sum,SOUNDS_BLACK_HOLES+SOUNDS_PLANETARY_RINGS+SOUNDS_SOLAR_WINDS,GALAXY_SOUNDS_BLACK_HOLES | GALAXY_SOUNDS_PLANETARY_RINGS | GALAXY_SOUNDS_SOLAR_WINDS,0.0017049902536677669,0.8854876199436746
GALAXY,triple_A+B-C,SOUNDS_BLACK_HOLES+SOUNDS_PLANETARY_RINGS-SOUNDS_SOLAR_WINDS,GALAXY_SOUNDS_BLACK_HOLES | GALAXY_SOUNDS_PLANETARY_RINGS | GALAXY_SOUNDS_SOLAR_WINDS,0.0008735414227572684,0.42340566366468585
GALAXY,triple_A+C-B,SOUNDS_BLACK_HOLES+SOUNDS_SOLAR_WINDS-SOUNDS_PLANETARY_RINGS,GALAXY_SOUNDS_BLACK_HOLES | GALAXY_SOUNDS_PLANETARY_RINGS | GALAXY_SOUNDS_SOLAR_WINDS,0.0010869578667921753,0.4221858927457519
GALAXY,triple_B+C-A,SOUNDS_PLANETARY_RINGS+SOUNDS_SOLAR_WINDS-SOUNDS_BLACK_HOLES,GALAXY_SOUNDS_BLACK_HOLES | GALAXY_SOUNDS_PLANETARY_RINGS | GALAXY_SOUNDS_SOLAR_WINDS,-0.00025550903588167676,0.03829097383569257
GALAXY,triple_sum,SOUNDS_BLACK_HOLES+SOUNDS_SOLAR_FLAMES+SOUNDS_SOLAR_WINDS,GALAXY_SOUNDS_BLACK_HOLES | GALAXY_SOUNDS_SOLAR_FLAMES | GALAXY_SOUNDS_SOLAR_WINDS,0.0013423002650192225,0.8278512736644783
GALAXY,triple_A+B-C,SOUNDS_BLACK_HOLES+SOUNDS_SOLAR_FLAMES-SOUNDS_SOLAR_WINDS,GALAXY_SOUNDS_BLACK_HOLES | GALAXY_SOUNDS_SOLAR_FLAMES | GALAXY_SOUNDS_SOLAR_WINDS,0.0005108514341087239,0.19698640997098157
GALAXY,triple_A+C-B,SOUNDS_BLACK_HOLES+SOUNDS_SOLAR_WINDS-SOUNDS_SOLAR_FLAMES,GALAXY_SOUNDS_BLACK_HOLES | GALAXY_SOUNDS_SOLAR_FLAMES | GALAXY_SOUNDS_SOLAR_WINDS,0.0014496478554407197,0.7293402354894737
GALAXY,triple_B+C-A,SOUNDS_SOLAR_FLAMES+SOUNDS_SOLAR_WINDS-SOUNDS_BLACK_HOLES,GALAXY_SOUNDS_BLACK_HOLES | GALAXY_SOUNDS_SOLAR_FLAMES | GALAXY_SOUNDS_SOLAR_WINDS,-0.000618199024530221,0.32980673843715047
GALAXY,triple_sum,SOUNDS_DARK_MATTER+SOUNDS_PLANETARY_RINGS+SOUNDS_SOLAR_FLAMES,GALAXY_SOUNDS_DARK_MATTER | GALAXY_SOUNDS_PLANETARY_RINGS | GALAXY_SOUNDS_SOLAR_FLAMES,0.0002948772384520858,0.05899552340141734
GALAXY,triple_A+B-C,SOUNDS_DARK_MATTER+SOUNDS_PLANETARY_RINGS-SOUNDS_SOLAR_FLAMES,GALAXY_SOUNDS_DARK_MATTER | GALAXY_SOUNDS_PLANETARY_RINGS | GALAXY_SOUNDS_SOLAR_FLAMES,0.00040222482887358307,0.1072465913231574
GALAXY,triple_A+C-B,SOUNDS_DARK_MATTER+SOUNDS_SOLAR_FLAMES-SOUNDS_PLANETARY_RINGS,GALAXY_SOUNDS_DARK_MATTER | GALAXY_SOUNDS_PLANETARY_RINGS | GALAXY_SOUNDS_SOLAR_FLAMES,-0.0003231551484235057,0.11549905682539324
GALAXY,triple_B+C-A,SOUNDS_PLANETARY_RINGS+SOUNDS_SOLAR_FLAMES-SOUNDS_DARK_MATTER,GALAXY_SOUNDS_DARK_MATTER | GALAXY_SOUNDS_PLANETARY_RINGS | GALAXY_SOUNDS_SOLAR_FLAMES,0.0002158075580020084,0.05144529679829219
GALAXY,triple_sum,SOUNDS_DARK_MATTER+SOUNDS_PLANETARY_RINGS+SOUNDS_SOLAR_WINDS,GALAXY_SOUNDS_DARK_MATTER | GALAXY_SOUNDS_PLANETARY_RINGS | GALAXY_SOUNDS_SOLAR_WINDS,0.0007642754491180837,0.343448947008427
GALAXY,triple_A+B-C,SOUNDS_DARK_MATTER+SOUNDS_PLANETARY_RINGS-SOUNDS_SOLAR_WINDS,GALAXY_SOUNDS_DARK_MATTER | GALAXY_SOUNDS_PLANETARY_RINGS | GALAXY_SOUNDS_SOLAR_WINDS,-6.717338179241481e-05,0.0029644793665111148
GALAXY,triple_A+C-B,SOUNDS_DARK_MATTER+SOUNDS_SOLAR_WINDS-SOUNDS_PLANETARY_RINGS,GALAXY_SOUNDS_DARK_MATTER | GALAXY_SOUNDS_PLANETARY_RINGS | GALAXY_SOUNDS_SOLAR_WINDS,0.0001462430622424923,0.023230100043028865
GALAXY,triple_B+C-A,SOUNDS_PLANETARY_RINGS+SOUNDS_SOLAR_WINDS-SOUNDS_DARK_MATTER,GALAXY_SOUNDS_DARK_MATTER | GALAXY_SOUNDS_PLANETARY_RINGS | GALAXY_SOUNDS_SOLAR_WINDS,0.0006852057686680063,0.41578013484919124
GALAXY,triple_sum,SOUNDS_DARK_MATTER+SOUNDS_SOLAR_FLAMES+SOUNDS_SOLAR_WINDS,GALAXY_SOUNDS_DARK_MATTER | GALAXY_SOUNDS_SOLAR_FLAMES | GALAXY_SOUNDS_SOLAR_WINDS,0.0004015854604695395,0.2818387543943998
GALAXY,triple_A+B-C,SOUNDS_DARK_MATTER+SOUNDS_SOLAR_FLAMES-SOUNDS_SOLAR_WINDS,GALAXY_SOUNDS_DARK_MATTER | GALAXY_SOUNDS_SOLAR_FLAMES | GALAXY_SOUNDS_SOLAR_WINDS,-0.0004298633704409594,0.18069090641087013
GALAXY,triple_A+C-B,SOUNDS_DARK_MATTER+SOUNDS_SOLAR_WINDS-SOUNDS_SOLAR_FLAMES,GALAXY_SOUNDS_DARK_MATTER | GALAXY_SOUNDS_SOLAR_FLAMES | GALAXY_SOUNDS_SOLAR_WINDS,0.0005089330508910365,0.25255523266218954
GALAXY,triple_B+C-A,SOUNDS_SOLAR_FLAMES+SOUNDS_SOLAR_WINDS-SOUNDS_DARK_MATTER,GALAXY_SOUNDS_DARK_MATTER | GALAXY_SOUNDS_SOLAR_FLAMES | GALAXY_SOUNDS_SOLAR_WINDS,0.000322515780019462,0.17190965072377523
GALAXY,triple_sum,SOUNDS_PLANETARY_RINGS+SOUNDS_SOLAR_FLAMES+SOUNDS_SOLAR_WINDS,GALAXY_SOUNDS_PLANETARY_RINGS | GALAXY_SOUNDS_SOLAR_FLAMES | GALAXY_SOUNDS_SOLAR_WINDS,0.0006710668136822966,0.34291960897700013
GALAXY,triple_A+B-C,SOUNDS_PLANETARY_RINGS+SOUNDS_SOLAR_FLAMES-SOUNDS_SOLAR_WINDS,GALAXY_SOUNDS_PLANETARY_RINGS | GALAXY_SOUNDS_SOLAR_FLAMES | GALAXY_SOUNDS_SOLAR_WINDS,-0.00016038201722820225,0.016540658427962082
GALAXY,triple_A+C-B,SOUNDS_PLANETARY_RINGS+SOUNDS_SOLAR_WINDS-SOUNDS_SOLAR_FLAMES,GALAXY_SOUNDS_PLANETARY_RINGS | GALAXY_SOUNDS_SOLAR_FLAMES | GALAXY_SOUNDS_SOLAR_WINDS,0.0007784144041037937,0.3432147411978411
GALAXY,triple_B+C-A,SOUNDS_SOLAR_FLAMES+SOUNDS_SOLAR_WINDS-SOUNDS_PLANETARY_RINGS,GALAXY_SOUNDS_PLANETARY_RINGS | GALAXY_SOUNDS_SOLAR_FLAMES | GALAXY_SOUNDS_SOLAR_WINDS,5.3034426806704915e-05,0.0024750792816970097
MICROCHIP,triple_sum,CIRCLE+OVAL+RECTANGLE,MICROCHIP_CIRCLE | MICROCHIP_OVAL | MICROCHIP_RECTANGLE,-0.0021502477299569418,0.8247775109534317
MICROCHIP,triple_A+B-C,CIRCLE+OVAL-RECTANGLE,MICROCHIP_CIRCLE | MICROCHIP_OVAL | MICROCHIP_RECTANGLE,-0.0008380094184788993,0.5620966297851016
MICROCHIP,triple_A+C-B,CIRCLE+RECTANGLE-OVAL,MICROCHIP_CIRCLE | MICROCHIP_OVAL | MICROCHIP_RECTANGLE,0.0012714999806116665,0.47881805883841994
MICROCHIP,triple_B+C-A,OVAL+RECTANGLE-CIRCLE,MICROCHIP_CIRCLE | MICROCHIP_OVAL | MICROCHIP_RECTANGLE,-0.0025837382920897082,0.9348063531030302
MICROCHIP,triple_sum,CIRCLE+OVAL+SQUARE,MICROCHIP_CIRCLE | MICROCHIP_OVAL | MICROCHIP_SQUARE,0.0002770510085478345,0.0566712868296099
MICROCHIP,triple_A+B-C,CIRCLE+OVAL-SQUARE,MICROCHIP_CIRCLE | MICROCHIP_OVAL | MICROCHIP_SQUARE,-0.0032653081569836762,0.8249128853021285
MICROCHIP,triple_A+C-B,CIRCLE+SQUARE-OVAL,MICROCHIP_CIRCLE | MICROCHIP_OVAL | MICROCHIP_SQUARE,0.0036987987191164423,0.9587989194636185
MICROCHIP,triple_B+C-A,OVAL+SQUARE-CIRCLE,MICROCHIP_CIRCLE | MICROCHIP_OVAL | MICROCHIP_SQUARE,-0.00015643955358493286,0.0066625830787377304
MICROCHIP,triple_sum,CIRCLE+OVAL+TRIANGLE,MICROCHIP_CIRCLE | MICROCHIP_OVAL | MICROCHIP_TRIANGLE,-0.0022655713452917462,0.8700610308243426
MICROCHIP,triple_A+B-C,CIRCLE+OVAL-TRIANGLE,MICROCHIP_CIRCLE | MICROCHIP_OVAL | MICROCHIP_TRIANGLE,-0.0007226858031440953,0.40183240000548187
MICROCHIP,triple_A+C-B,CIRCLE+TRIANGLE-OVAL,MICROCHIP_CIRCLE | MICROCHIP_OVAL | MICROCHIP_TRIANGLE,0.0011561763652768627,0.7741643904554213
MICROCHIP,triple_B+C-A,OVAL+TRIANGLE-CIRCLE,MICROCHIP_CIRCLE | MICROCHIP_OVAL | MICROCHIP_TRIANGLE,-0.0026990619074245136,0.7974790809195852
MICROCHIP,triple_sum,CIRCLE+RECTANGLE+SQUARE,MICROCHIP_CIRCLE | MICROCHIP_RECTANGLE | MICROCHIP_SQUARE,0.0013318057080931173,0.7833424870287609
MICROCHIP,triple_A+B-C,CIRCLE+RECTANGLE-SQUARE,MICROCHIP_CIRCLE | MICROCHIP_RECTANGLE | MICROCHIP_SQUARE,-0.002210553457438393,0.5295164808028466
MICROCHIP,triple_A+C-B,CIRCLE+SQUARE-RECTANGLE,MICROCHIP_CIRCLE | MICROCHIP_RECTANGLE | MICROCHIP_SQUARE,0.00264404401957116,0.8278299723624332
MICROCHIP,triple_B+C-A,RECTANGLE+SQUARE-CIRCLE,MICROCHIP_CIRCLE | MICROCHIP_RECTANGLE | MICROCHIP_SQUARE,0.0008983151459603502,0.32857176203251615
MICROCHIP,triple_sum,CIRCLE+RECTANGLE+TRIANGLE,MICROCHIP_CIRCLE | MICROCHIP_RECTANGLE | MICROCHIP_TRIANGLE,-0.0012108166457464626,0.70841840408771
MICROCHIP,triple_A+B-C,CIRCLE+RECTANGLE-TRIANGLE,MICROCHIP_CIRCLE | MICROCHIP_RECTANGLE | MICROCHIP_TRIANGLE,0.0003320688964011875,0.04707399558830496
MICROCHIP,triple_A+C-B,CIRCLE+TRIANGLE-RECTANGLE,MICROCHIP_CIRCLE | MICROCHIP_RECTANGLE | MICROCHIP_TRIANGLE,0.00010142166573157958,0.016014132494773924
MICROCHIP,triple_B+C-A,RECTANGLE+TRIANGLE-CIRCLE,MICROCHIP_CIRCLE | MICROCHIP_RECTANGLE | MICROCHIP_TRIANGLE,-0.0016443072078792297,0.8507742462720228
MICROCHIP,triple_sum,CIRCLE+SQUARE+TRIANGLE,MICROCHIP_CIRCLE | MICROCHIP_SQUARE | MICROCHIP_TRIANGLE,0.0012164820927583128,0.49457463855397643
MICROCHIP,triple_A+B-C,CIRCLE+SQUARE-TRIANGLE,MICROCHIP_CIRCLE | MICROCHIP_SQUARE | MICROCHIP_TRIANGLE,0.0027593676349059637,0.9445611742655646
MICROCHIP,triple_A+C-B,CIRCLE+TRIANGLE-SQUARE,MICROCHIP_CIRCLE | MICROCHIP_SQUARE | MICROCHIP_TRIANGLE,-0.002325877072773196,0.7572119754675635
MICROCHIP,triple_B+C-A,SQUARE+TRIANGLE-CIRCLE,MICROCHIP_CIRCLE | MICROCHIP_SQUARE | MICROCHIP_TRIANGLE,0.0007829915306255461,0.12552776520086137
MICROCHIP,triple_sum,OVAL+RECTANGLE+SQUARE,MICROCHIP_OVAL | MICROCHIP_RECTANGLE | MICROCHIP_SQUARE,-0.0005958134282575705,0.2110727587669148
MICROCHIP,triple_A+B-C,OVAL+RECTANGLE-SQUARE,MICROCHIP_OVAL | MICROCHIP_RECTANGLE | MICROCHIP_SQUARE,-0.00413817259378908,0.8899688604284046
MICROCHIP,triple_A+C-B,OVAL+SQUARE-RECTANGLE,MICROCHIP_OVAL | MICROCHIP_RECTANGLE | MICROCHIP_SQUARE,0.0007164248832204721,0.12525665000503164
MICROCHIP,triple_B+C-A,RECTANGLE+SQUARE-OVAL,MICROCHIP_OVAL | MICROCHIP_RECTANGLE | MICROCHIP_SQUARE,0.0028259342823110387,0.9174429586950006
MICROCHIP,triple_sum,OVAL+RECTANGLE+TRIANGLE,MICROCHIP_OVAL | MICROCHIP_RECTANGLE | MICROCHIP_TRIANGLE,-0.0031384357820971507,0.9390496354245037
MICROCHIP,triple_A+B-C,OVAL+RECTANGLE-TRIANGLE,MICROCHIP_OVAL | MICROCHIP_RECTANGLE | MICROCHIP_TRIANGLE,-0.0015955502399494998,0.7590732524369149
MICROCHIP,triple_A+C-B,OVAL+TRIANGLE-RECTANGLE,MICROCHIP_OVAL | MICROCHIP_RECTANGLE | MICROCHIP_TRIANGLE,-0.001826197470619108,0.6295878835229164
MICROCHIP,triple_B+C-A,RECTANGLE+TRIANGLE-OVAL,MICROCHIP_OVAL | MICROCHIP_RECTANGLE | MICROCHIP_TRIANGLE,0.00028331192847145766,0.18908161730389755
MICROCHIP,triple_sum,OVAL+SQUARE+TRIANGLE,MICROCHIP_OVAL | MICROCHIP_SQUARE | MICROCHIP_TRIANGLE,-0.0007111370435923748,0.11951424718700236
MICROCHIP,triple_A+B-C,OVAL+SQUARE-TRIANGLE,MICROCHIP_OVAL | MICROCHIP_SQUARE | MICROCHIP_TRIANGLE,0.0008317484985552764,0.3656393151678489
MICROCHIP,triple_A+C-B,OVAL+TRIANGLE-SQUARE,MICROCHIP_OVAL | MICROCHIP_SQUARE | MICROCHIP_TRIANGLE,-0.004253496209123885,0.9532609717000635
MICROCHIP,triple_B+C-A,SQUARE+TRIANGLE-OVAL,MICROCHIP_OVAL | MICROCHIP_SQUARE | MICROCHIP_TRIANGLE,0.0027106106669762334,0.7891287927544157
MICROCHIP,triple_sum,RECTANGLE+SQUARE+TRIANGLE,MICROCHIP_RECTANGLE | MICROCHIP_SQUARE | MICROCHIP_TRIANGLE,0.00034361765595290847,0.07193350269351129
MICROCHIP,triple_A+B-C,RECTANGLE+SQUARE-TRIANGLE,MICROCHIP_RECTANGLE | MICROCHIP_SQUARE | MICROCHIP_TRIANGLE,0.0018865031981005586,0.8525022884998757
MICROCHIP,triple_A+C-B,RECTANGLE+TRIANGLE-SQUARE,MICROCHIP_RECTANGLE | MICROCHIP_SQUARE | MICROCHIP_TRIANGLE,-0.0031987415095786013,0.8684038445562374
MICROCHIP,triple_B+C-A,SQUARE+TRIANGLE-RECTANGLE,MICROCHIP_RECTANGLE | MICROCHIP_SQUARE | MICROCHIP_TRIANGLE,0.0016558559674309512,0.3924472222424008
OXYGEN,triple_sum,SHAKE_CHOCOLATE+SHAKE_EVENING_BREATH+SHAKE_GARLIC,OXYGEN_SHAKE_CHOCOLATE | OXYGEN_SHAKE_EVENING_BREATH | OXYGEN_SHAKE_GARLIC,0.0014173791729659767,0.7456316497687273
OXYGEN,triple_A+B-C,SHAKE_CHOCOLATE+SHAKE_EVENING_BREATH-SHAKE_GARLIC,OXYGEN_SHAKE_CHOCOLATE | OXYGEN_SHAKE_EVENING_BREATH | OXYGEN_SHAKE_GARLIC,-0.0005586178584117976,0.2762481724804514
OXYGEN,triple_A+C-B,SHAKE_CHOCOLATE+SHAKE_GARLIC-SHAKE_EVENING_BREATH,OXYGEN_SHAKE_CHOCOLATE | OXYGEN_SHAKE_EVENING_BREATH | OXYGEN_SHAKE_GARLIC,0.0013290552462278391,0.6232157262338868
OXYGEN,triple_B+C-A,SHAKE_EVENING_BREATH+SHAKE_GARLIC-SHAKE_CHOCOLATE,OXYGEN_SHAKE_CHOCOLATE | OXYGEN_SHAKE_EVENING_BREATH | OXYGEN_SHAKE_GARLIC,0.000646941785149935,0.5832835374990578
OXYGEN,triple_sum,SHAKE_CHOCOLATE+SHAKE_EVENING_BREATH+SHAKE_MINT,OXYGEN_SHAKE_CHOCOLATE | OXYGEN_SHAKE_EVENING_BREATH | OXYGEN_SHAKE_MINT,0.00022390281035211419,0.07249361270097686
OXYGEN,triple_A+B-C,SHAKE_CHOCOLATE+SHAKE_EVENING_BREATH-SHAKE_MINT,OXYGEN_SHAKE_CHOCOLATE | OXYGEN_SHAKE_EVENING_BREATH | OXYGEN_SHAKE_MINT,0.0006348585042020649,0.2884456017518029
OXYGEN,triple_A+C-B,SHAKE_CHOCOLATE+SHAKE_MINT-SHAKE_EVENING_BREATH,OXYGEN_SHAKE_CHOCOLATE | OXYGEN_SHAKE_EVENING_BREATH | OXYGEN_SHAKE_MINT,0.00013557888361397653,0.020739954393672145
OXYGEN,triple_B+C-A,SHAKE_EVENING_BREATH+SHAKE_MINT-SHAKE_CHOCOLATE,OXYGEN_SHAKE_CHOCOLATE | OXYGEN_SHAKE_EVENING_BREATH | OXYGEN_SHAKE_MINT,-0.0005465345774639273,0.32101464619023495
OXYGEN,triple_sum,SHAKE_CHOCOLATE+SHAKE_EVENING_BREATH+SHAKE_MORNING_BREATH,OXYGEN_SHAKE_CHOCOLATE | OXYGEN_SHAKE_EVENING_BREATH | OXYGEN_SHAKE_MORNING_BREATH,-0.00013259364243288184,0.024900910445570246
OXYGEN,triple_A+B-C,SHAKE_CHOCOLATE+SHAKE_EVENING_BREATH-SHAKE_MORNING_BREATH,OXYGEN_SHAKE_CHOCOLATE | OXYGEN_SHAKE_EVENING_BREATH | OXYGEN_SHAKE_MORNING_BREATH,0.0009913549569870615,0.536843107358316
OXYGEN,triple_A+C-B,SHAKE_CHOCOLATE+SHAKE_MORNING_BREATH-SHAKE_EVENING_BREATH,OXYGEN_SHAKE_CHOCOLATE | OXYGEN_SHAKE_EVENING_BREATH | OXYGEN_SHAKE_MORNING_BREATH,-0.0002209175691710194,0.04795849625315061
OXYGEN,triple_B+C-A,SHAKE_EVENING_BREATH+SHAKE_MORNING_BREATH-SHAKE_CHOCOLATE,OXYGEN_SHAKE_CHOCOLATE | OXYGEN_SHAKE_EVENING_BREATH | OXYGEN_SHAKE_MORNING_BREATH,-0.0009030310302489233,0.6539375902426422
OXYGEN,triple_sum,SHAKE_CHOCOLATE+SHAKE_GARLIC+SHAKE_MINT,OXYGEN_SHAKE_CHOCOLATE | OXYGEN_SHAKE_GARLIC | OXYGEN_SHAKE_MINT,0.0011677393626719327,0.5946067540180286
OXYGEN,triple_A+B-C,SHAKE_CHOCOLATE+SHAKE_GARLIC-SHAKE_MINT,OXYGEN_SHAKE_CHOCOLATE | OXYGEN_SHAKE_GARLIC | OXYGEN_SHAKE_MINT,0.0015786950565218833,0.7125785431243798
OXYGEN,triple_A+C-B,SHAKE_CHOCOLATE+SHAKE_MINT-SHAKE_GARLIC,OXYGEN_SHAKE_CHOCOLATE | OXYGEN_SHAKE_GARLIC | OXYGEN_SHAKE_MINT,-0.0008082576687058418,0.5096423912417138
OXYGEN,triple_B+C-A,SHAKE_GARLIC+SHAKE_MINT-SHAKE_CHOCOLATE,OXYGEN_SHAKE_CHOCOLATE | OXYGEN_SHAKE_GARLIC | OXYGEN_SHAKE_MINT,0.00039730197485589113,0.19074184508856126
OXYGEN,triple_sum,SHAKE_CHOCOLATE+SHAKE_GARLIC+SHAKE_MORNING_BREATH,OXYGEN_SHAKE_CHOCOLATE | OXYGEN_SHAKE_GARLIC | OXYGEN_SHAKE_MORNING_BREATH,0.0008112429098869364,0.3547804880194395
OXYGEN,triple_A+B-C,SHAKE_CHOCOLATE+SHAKE_GARLIC-SHAKE_MORNING_BREATH,OXYGEN_SHAKE_CHOCOLATE | OXYGEN_SHAKE_GARLIC | OXYGEN_SHAKE_MORNING_BREATH,0.0019351915093068794,0.854286942751055
OXYGEN,triple_A+C-B,SHAKE_CHOCOLATE+SHAKE_MORNING_BREATH-SHAKE_GARLIC,OXYGEN_SHAKE_CHOCOLATE | OXYGEN_SHAKE_GARLIC | OXYGEN_SHAKE_MORNING_BREATH,-0.0011647541214908378,0.7270361707339354
OXYGEN,triple_B+C-A,SHAKE_GARLIC+SHAKE_MORNING_BREATH-SHAKE_CHOCOLATE,OXYGEN_SHAKE_CHOCOLATE | OXYGEN_SHAKE_GARLIC | OXYGEN_SHAKE_MORNING_BREATH,4.08055220708951e-05,0.002408774024793581
OXYGEN,triple_sum,SHAKE_CHOCOLATE+SHAKE_MINT+SHAKE_MORNING_BREATH,OXYGEN_SHAKE_CHOCOLATE | OXYGEN_SHAKE_MINT | OXYGEN_SHAKE_MORNING_BREATH,-0.0003822334527269258,0.14344695303566452
OXYGEN,triple_A+B-C,SHAKE_CHOCOLATE+SHAKE_MINT-SHAKE_MORNING_BREATH,OXYGEN_SHAKE_CHOCOLATE | OXYGEN_SHAKE_MINT | OXYGEN_SHAKE_MORNING_BREATH,0.0007417151466930167,0.4333784711637745
OXYGEN,triple_A+C-B,SHAKE_CHOCOLATE+SHAKE_MORNING_BREATH-SHAKE_MINT,OXYGEN_SHAKE_CHOCOLATE | OXYGEN_SHAKE_MINT | OXYGEN_SHAKE_MORNING_BREATH,2.8722241123024722e-05,0.0008527649232705474
OXYGEN,triple_B+C-A,SHAKE_MINT+SHAKE_MORNING_BREATH-SHAKE_CHOCOLATE,OXYGEN_SHAKE_CHOCOLATE | OXYGEN_SHAKE_MINT | OXYGEN_SHAKE_MORNING_BREATH,-0.0011526708405429676,0.6417087004765133
OXYGEN,triple_sum,SHAKE_EVENING_BREATH+SHAKE_GARLIC+SHAKE_MINT,OXYGEN_SHAKE_EVENING_BREATH | OXYGEN_SHAKE_GARLIC | OXYGEN_SHAKE_MINT,0.0008266826321329806,0.6501555348044173
OXYGEN,triple_A+B-C,SHAKE_EVENING_BREATH+SHAKE_GARLIC-SHAKE_MINT,OXYGEN_SHAKE_EVENING_BREATH | OXYGEN_SHAKE_GARLIC | OXYGEN_SHAKE_MINT,0.0012376383259829315,0.6927272347827954
OXYGEN,triple_A+C-B,SHAKE_EVENING_BREATH+SHAKE_MINT-SHAKE_GARLIC,OXYGEN_SHAKE_EVENING_BREATH | OXYGEN_SHAKE_GARLIC | OXYGEN_SHAKE_MINT,-0.0011493143992447937,0.6125485672705764
OXYGEN,triple_B+C-A,SHAKE_GARLIC+SHAKE_MINT-SHAKE_EVENING_BREATH,OXYGEN_SHAKE_EVENING_BREATH | OXYGEN_SHAKE_GARLIC | OXYGEN_SHAKE_MINT,0.0007383587053948431,0.328823092390238
OXYGEN,triple_sum,SHAKE_EVENING_BREATH+SHAKE_GARLIC+SHAKE_MORNING_BREATH,OXYGEN_SHAKE_EVENING_BREATH | OXYGEN_SHAKE_GARLIC | OXYGEN_SHAKE_MORNING_BREATH,0.00047018617934798453,0.31339916710346666
OXYGEN,triple_A+B-C,SHAKE_EVENING_BREATH+SHAKE_GARLIC-SHAKE_MORNING_BREATH,OXYGEN_SHAKE_EVENING_BREATH | OXYGEN_SHAKE_GARLIC | OXYGEN_SHAKE_MORNING_BREATH,0.001594134778767927,0.8457393437001883
OXYGEN,triple_A+C-B,SHAKE_EVENING_BREATH+SHAKE_MORNING_BREATH-SHAKE_GARLIC,OXYGEN_SHAKE_EVENING_BREATH | OXYGEN_SHAKE_GARLIC | OXYGEN_SHAKE_MORNING_BREATH,-0.0015058108520297896,0.8003237474913194
OXYGEN,triple_B+C-A,SHAKE_GARLIC+SHAKE_MORNING_BREATH-SHAKE_EVENING_BREATH,OXYGEN_SHAKE_EVENING_BREATH | OXYGEN_SHAKE_GARLIC | OXYGEN_SHAKE_MORNING_BREATH,0.0003818622526098469,0.10203698467819704
OXYGEN,triple_sum,SHAKE_EVENING_BREATH+SHAKE_MINT+SHAKE_MORNING_BREATH,OXYGEN_SHAKE_EVENING_BREATH | OXYGEN_SHAKE_MINT | OXYGEN_SHAKE_MORNING_BREATH,-0.0007232901832658778,0.5510248218200772
OXYGEN,triple_A+B-C,SHAKE_EVENING_BREATH+SHAKE_MINT-SHAKE_MORNING_BREATH,OXYGEN_SHAKE_EVENING_BREATH | OXYGEN_SHAKE_MINT | OXYGEN_SHAKE_MORNING_BREATH,0.0004006584161540649,0.16532868309689097
OXYGEN,triple_A+C-B,SHAKE_EVENING_BREATH+SHAKE_MORNING_BREATH-SHAKE_MINT,OXYGEN_SHAKE_EVENING_BREATH | OXYGEN_SHAKE_MINT | OXYGEN_SHAKE_MORNING_BREATH,-0.00031233448941592716,0.11421643872521915
OXYGEN,triple_B+C-A,SHAKE_MINT+SHAKE_MORNING_BREATH-SHAKE_EVENING_BREATH,OXYGEN_SHAKE_EVENING_BREATH | OXYGEN_SHAKE_MINT | OXYGEN_SHAKE_MORNING_BREATH,-0.0008116141100040157,0.3812409536065762
OXYGEN,triple_sum,SHAKE_GARLIC+SHAKE_MINT+SHAKE_MORNING_BREATH,OXYGEN_SHAKE_GARLIC | OXYGEN_SHAKE_MINT | OXYGEN_SHAKE_MORNING_BREATH,0.00022054636905394041,0.048798321904099495
OXYGEN,triple_A+B-C,SHAKE_GARLIC+SHAKE_MINT-SHAKE_MORNING_BREATH,OXYGEN_SHAKE_GARLIC | OXYGEN_SHAKE_MINT | OXYGEN_SHAKE_MORNING_BREATH,0.0013444949684738832,0.7462216578206284
OXYGEN,triple_A+C-B,SHAKE_GARLIC+SHAKE_MORNING_BREATH-SHAKE_MINT,OXYGEN_SHAKE_GARLIC | OXYGEN_SHAKE_MINT | OXYGEN_SHAKE_MORNING_BREATH,0.0006315020629038911,0.28486374802569125
OXYGEN,triple_B+C-A,SHAKE_MINT+SHAKE_MORNING_BREATH-SHAKE_GARLIC,OXYGEN_SHAKE_GARLIC | OXYGEN_SHAKE_MINT | OXYGEN_SHAKE_MORNING_BREATH,-0.0017554506623238336,0.8378992274178624
PANEL,triple_sum,1X2+1X4+2X2,PANEL_1X2 | PANEL_1X4 | PANEL_2X2,-0.001128478466724976,0.6396545766519085
PANEL,triple_A+B-C,1X2+1X4-2X2,PANEL_1X2 | PANEL_1X4 | PANEL_2X2,-0.0001931545415612827,0.031146277760356444
PANEL,triple_A+C-B,1X2+2X2-1X4,PANEL_1X2 | PANEL_1X4 | PANEL_2X2,0.0002756779542640867,0.08781877716584056
PANEL,triple_B+C-A,1X4+2X2-1X2,PANEL_1X2 | PANEL_1X4 | PANEL_2X2,-0.00121100187942778,0.3722070690550226
PANEL,triple_sum,1X2+1X4+2X4,PANEL_1X2 | PANEL_1X4 | PANEL_2X4,-2.0485937648317738e-05,0.0005272839469368483
PANEL,triple_A+B-C,1X2+1X4-2X4,PANEL_1X2 | PANEL_1X4 | PANEL_2X4,-0.0013011470706379411,0.7600286177291333
PANEL,triple_A+C-B,1X2+2X4-1X4,PANEL_1X2 | PANEL_1X4 | PANEL_2X4,0.001383670483340745,0.5819873436605704
PANEL,triple_B+C-A,1X4+2X4-1X2,PANEL_1X2 | PANEL_1X4 | PANEL_2X4,-0.00010300935035112142,0.007856799822269576
PANEL,triple_sum,1X2+1X4+4X4,PANEL_1X2 | PANEL_1X4 | PANEL_4X4,-0.0007026517070051686,0.3996324896003797
PANEL,triple_A+B-C,1X2+1X4-4X4,PANEL_1X2 | PANEL_1X4 | PANEL_4X4,-0.0006189813012810906,0.2956164059831071
PANEL,triple_A+C-B,1X2+4X4-1X4,PANEL_1X2 | PANEL_1X4 | PANEL_4X4,0.0007015047139838941,0.1962836179418405
PANEL,triple_B+C-A,1X4+4X4-1X2,PANEL_1X2 | PANEL_1X4 | PANEL_4X4,-0.0007851751197079723,0.37565561531799313
PANEL,triple_sum,1X2+2X2+2X4,PANEL_1X2 | PANEL_2X2 | PANEL_2X4,0.00021393031026436705,0.07525730061369598
PANEL,triple_A+B-C,1X2+2X2-2X4,PANEL_1X2 | PANEL_2X2 | PANEL_2X4,-0.001066730822725256,0.789025974339751
PANEL,triple_A+C-B,1X2+2X4-2X2,PANEL_1X2 | PANEL_2X2 | PANEL_2X4,0.00114925423542806,0.4655947643431357
PANEL,triple_B+C-A,2X2+2X4-1X2,PANEL_1X2 | PANEL_2X2 | PANEL_2X4,0.00013140689756156322,0.011548743363863467
PANEL,triple_sum,1X2+2X2+4X4,PANEL_1X2 | PANEL_2X2 | PANEL_4X4,-0.00046823545909248447,0.3818224501752998
PANEL,triple_A+B-C,1X2+2X2-4X4,PANEL_1X2 | PANEL_2X2 | PANEL_4X4,-0.00038456505336840547,0.15027111776567417
PANEL,triple_A+C-B,1X2+4X4-2X2,PANEL_1X2 | PANEL_2X2 | PANEL_4X4,0.0004670884660712094,0.08631307724337514
PANEL,triple_B+C-A,2X2+4X4-1X2,PANEL_1X2 | PANEL_2X2 | PANEL_4X4,-0.0005507588717952875,0.23113796512616017
PANEL,triple_sum,1X2+2X4+4X4,PANEL_1X2 | PANEL_2X4 | PANEL_4X4,0.0006397570699841742,0.27998663446716787
PANEL,triple_A+B-C,1X2+2X4-4X4,PANEL_1X2 | PANEL_2X4 | PANEL_4X4,0.0007234274757082527,0.3947211704214519
PANEL,triple_A+C-B,1X2+4X4-2X4,PANEL_1X2 | PANEL_2X4 | PANEL_4X4,-0.000640904063005449,0.2785190216246908
PANEL,triple_B+C-A,2X4+4X4-1X2,PANEL_1X2 | PANEL_2X4 | PANEL_4X4,0.0005572336572813705,0.38554683659712824
PANEL,triple_sum,1X4+2X2+2X4,PANEL_1X4 | PANEL_2X2 | PANEL_2X4,-0.0005294096065815662,0.17096461290605616
PANEL,triple_A+B-C,1X4+2X2-2X4,PANEL_1X4 | PANEL_2X2 | PANEL_2X4,-0.0018100707395711899,0.7425095264080901
PANEL,triple_A+C-B,1X4+2X4-2X2,PANEL_1X4 | PANEL_2X2 | PANEL_2X4,0.0004059143185821271,0.20768911020755887
PANEL,triple_B+C-A,2X2+2X4-1X4,PANEL_1X4 | PANEL_2X2 | PANEL_2X4,0.0008747468144074964,0.5501362178921153
PANEL,triple_sum,1X4+2X2+4X4,PANEL_1X4 | PANEL_2X2 | PANEL_4X4,-0.001211575375938417,0.6852979501286556
PANEL,triple_A+B-C,1X4+2X2-4X4,PANEL_1X4 | PANEL_2X2 | PANEL_4X4,-0.0011279049702143382,0.37220123905207275
PANEL,triple_A+C-B,1X4+4X4-2X2,PANEL_1X4 | PANEL_2X2 | PANEL_4X4,-0.00027625145077472384,0.07475971476518942
PANEL,triple_B+C-A,2X2+4X4-1X4,PANEL_1X4 | PANEL_2X2 | PANEL_4X4,0.00019258104505064558,0.05523229509560375
PANEL,triple_sum,1X4+2X4+4X4,PANEL_1X4 | PANEL_2X4 | PANEL_4X4,-0.00010358284686175863,0.020526175056751257
PANEL,triple_A+B-C,1X4+2X4-4X4,PANEL_1X4 | PANEL_2X4 | PANEL_4X4,-1.9912441137680535e-05,0.0003165032891681761
PANEL,triple_A+C-B,1X4+4X4-2X4,PANEL_1X4 | PANEL_2X4 | PANEL_4X4,-0.001384243979851382,0.7742506175363391
PANEL,triple_B+C-A,2X4+4X4-1X4,PANEL_1X4 | PANEL_2X4 | PANEL_4X4,0.001300573574127304,0.6331849840064999
PANEL,triple_sum,2X2+2X4+4X4,PANEL_2X2 | PANEL_2X4 | PANEL_4X4,0.000130833401050926,0.05242713314419756
PANEL,triple_A+B-C,2X2+2X4-4X4,PANEL_2X2 | PANEL_2X4 | PANEL_4X4,0.00021450380677500417,0.032728424509248656
PANEL,triple_A+C-B,2X2+4X4-2X4,PANEL_2X2 | PANEL_2X4 | PANEL_4X4,-0.0011498277319386976,0.7864808878100061
PANEL,triple_B+C-A,2X4+4X4-2X2,PANEL_2X2 | PANEL_2X4 | PANEL_4X4,0.001066157326214619,0.5104276587646953
PEBBLES,triple_sum,L+M+S,PEBBLES_L | PEBBLES_M | PEBBLES_S,-0.00011206535521785035,0.009466601243623586
PEBBLES,triple_A+B-C,L+M-S,PEBBLES_L | PEBBLES_M | PEBBLES_S,0.0016074257504749172,0.720755543051852
PEBBLES,triple_A+C-B,L+S-M,PEBBLES_L | PEBBLES_M | PEBBLES_S,-0.0012590032160900036,0.6488233204754408
PEBBLES,triple_B+C-A,M+S-L,PEBBLES_L | PEBBLES_M | PEBBLES_S,-0.00046048788960276427,0.22625966486554094
PEBBLES,triple_sum,L+M+XL,PEBBLES_L | PEBBLES_M | PEBBLES_XL,0.0024479459418299404,0.9514074711299282
PEBBLES,triple_A+B-C,L+M-XL,PEBBLES_L | PEBBLES_M | PEBBLES_XL,-0.0009525855465728726,0.17526321434521663
PEBBLES,triple_A+C-B,L+XL-M,PEBBLES_L | PEBBLES_M | PEBBLES_XL,0.0013010080809577871,0.5209806366889086
PEBBLES,triple_B+C-A,M+XL-L,PEBBLES_L | PEBBLES_M | PEBBLES_XL,0.0020995234074450255,0.658326460892989
PEBBLES,triple_sum,L+M+XS,PEBBLES_L | PEBBLES_M | PEBBLES_XS,-0.000840509381293899,0.3839112096095474
PEBBLES,triple_A+B-C,L+M-XS,PEBBLES_L | PEBBLES_M | PEBBLES_XS,0.002335869776550966,0.7997186741786443
PEBBLES,triple_A+C-B,L+XS-M,PEBBLES_L | PEBBLES_M | PEBBLES_XS,-0.0019874472421660527,0.8289314756535352
PEBBLES,triple_B+C-A,M+XS-L,PEBBLES_L | PEBBLES_M | PEBBLES_XS,-0.0011889319156788134,0.5973150422036331
PEBBLES,triple_sum,L+S+XL,PEBBLES_L | PEBBLES_S | PEBBLES_XL,0.0010147314585474796,0.6488275453015239
PEBBLES,triple_A+B-C,L+S-XL,PEBBLES_L | PEBBLES_S | PEBBLES_XL,-0.002385800029855333,0.6096122498177426
PEBBLES,triple_A+C-B,L+XL-S,PEBBLES_L | PEBBLES_S | PEBBLES_XL,0.002734222564240247,0.8743364059617716
PEBBLES,triple_B+C-A,S+XL-L,PEBBLES_L | PEBBLES_S | PEBBLES_XL,0.0006663089241625656,0.14201951938291243
PEBBLES,triple_sum,L+S+XS,PEBBLES_L | PEBBLES_S | PEBBLES_XS,-0.00227372386457636,0.8644170003904864
PEBBLES,triple_A+B-C,L+S-XS,PEBBLES_L | PEBBLES_S | PEBBLES_XS,0.0009026552932685058,0.38245997999319536
PEBBLES,triple_A+C-B,L+XS-S,PEBBLES_L | PEBBLES_S | PEBBLES_XS,-0.0005542327588835916,0.25290469788535275
PEBBLES,triple_B+C-A,S+XS-L,PEBBLES_L | PEBBLES_S | PEBBLES_XS,-0.0026221463989612734,0.8989047552228376
PEBBLES,triple_sum,L+XL+XS,PEBBLES_L | PEBBLES_XL | PEBBLES_XS,0.00028628743247143044,0.1331491001214028
PEBBLES,triple_A+B-C,L+XL-XS,PEBBLES_L | PEBBLES_XL | PEBBLES_XS,0.0034626665903162964,0.9033218040105677
PEBBLES,triple_A+C-B,L+XS-XL,PEBBLES_L | PEBBLES_XL | PEBBLES_XS,-0.0031142440559313823,0.7378554112414889
PEBBLES,triple_B+C-A,XL+XS-L,PEBBLES_L | PEBBLES_XL | PEBBLES_XS,-6.213510191348339e-05,0.001257387047094853
PEBBLES,triple_sum,M+S+XL,PEBBLES_M | PEBBLES_S | PEBBLES_XL,0.0014139891217910992,0.7482971821463832
PEBBLES,triple_A+B-C,M+S-XL,PEBBLES_M | PEBBLES_S | PEBBLES_XL,-0.0019865423666117136,0.5657684905019869
PEBBLES,triple_A+C-B,M+XL-S,PEBBLES_M | PEBBLES_S | PEBBLES_XL,0.0031334802274838665,0.8812976851023321
PEBBLES,triple_B+C-A,S+XL-M,PEBBLES_M | PEBBLES_S | PEBBLES_XL,0.00026705126091894566,0.03141714370587894
PEBBLES,triple_sum,M+S+XS,PEBBLES_M | PEBBLES_S | PEBBLES_XS,-0.0018744662013327397,0.8481100458964516
PEBBLES,triple_A+B-C,M+S-XS,PEBBLES_M | PEBBLES_S | PEBBLES_XS,0.0013019129565121253,0.629833155389109
PEBBLES,triple_A+C-B,M+XS-S,PEBBLES_M | PEBBLES_S | PEBBLES_XS,-0.00015497509563997235,0.027212085361479125
PEBBLES,triple_B+C-A,S+XS-M,PEBBLES_M | PEBBLES_S | PEBBLES_XS,-0.0030214040622048937,0.9396187140843866
PEBBLES,triple_sum,M+XL+XS,PEBBLES_M | PEBBLES_XL | PEBBLES_XS,0.00068554509571505,0.37475537441849194
PEBBLES,triple_A+B-C,M+XL-XS,PEBBLES_M | PEBBLES_XL | PEBBLES_XS,0.0038619242535599158,0.9144137398667954
PEBBLES,triple_A+C-B,M+XS-XL,PEBBLES_M | PEBBLES_XL | PEBBLES_XS,-0.0027149863926877633,0.7131621270965594
PEBBLES,triple_B+C-A,XL+XS-M,PEBBLES_M | PEBBLES_XL | PEBBLES_XS,-0.0004613927651571031,0.08000935312868063
PEBBLES,triple_sum,S+XL+XS,PEBBLES_S | PEBBLES_XL | PEBBLES_XS,-0.0007476693875674104,0.3653775566772368
PEBBLES,triple_A+B-C,S+XL-XS,PEBBLES_S | PEBBLES_XL | PEBBLES_XS,0.0024287097702774536,0.7607841496620503
PEBBLES,triple_A+C-B,S+XS-XL,PEBBLES_S | PEBBLES_XL | PEBBLES_XS,-0.004148200875970224,0.883212066989246
PEBBLES,triple_B+C-A,XL+XS-S,PEBBLES_S | PEBBLES_XL | PEBBLES_XS,0.0009718217181253573,0.3174706499654751
ROBOT,triple_sum,DISHES+IRONING+LAUNDRY,ROBOT_DISHES | ROBOT_IRONING | ROBOT_LAUNDRY,-0.0007798155249397951,0.49107028852697765
ROBOT,triple_A+B-C,DISHES+IRONING-LAUNDRY,ROBOT_DISHES | ROBOT_IRONING | ROBOT_LAUNDRY,0.00034572639127080707,0.17189310429066532
ROBOT,triple_A+C-B,DISHES+LAUNDRY-IRONING,ROBOT_DISHES | ROBOT_IRONING | ROBOT_LAUNDRY,0.0007785284195694762,0.7044726783230061
ROBOT,triple_B+C-A,IRONING+LAUNDRY-DISHES,ROBOT_DISHES | ROBOT_IRONING | ROBOT_LAUNDRY,-0.0019040703357800781,0.8970464554934875
ROBOT,triple_sum,DISHES+IRONING+MOPPING,ROBOT_DISHES | ROBOT_IRONING | ROBOT_MOPPING,0.0004236243332484715,0.3878965533425858
ROBOT,triple_A+B-C,DISHES+IRONING-MOPPING,ROBOT_DISHES | ROBOT_IRONING | ROBOT_MOPPING,-0.0008577134669174593,0.3616726089748013
ROBOT,triple_A+C-B,DISHES+MOPPING-IRONING,ROBOT_DISHES | ROBOT_IRONING | ROBOT_MOPPING,0.0019819682777577423,0.8693928988061818
ROBOT,triple_B+C-A,IRONING+MOPPING-DISHES,ROBOT_DISHES | ROBOT_IRONING | ROBOT_MOPPING,-0.0007006304775918115,0.518544593112008
ROBOT,triple_sum,DISHES+IRONING+VACUUMING,ROBOT_DISHES | ROBOT_IRONING | ROBOT_VACUUMING,-0.0007573214163225794,0.4930222780514692
ROBOT,triple_A+B-C,DISHES+IRONING-VACUUMING,ROBOT_DISHES | ROBOT_IRONING | ROBOT_VACUUMING,0.00032323228265359125,0.19786802826723207
ROBOT,triple_A+C-B,DISHES+VACUUMING-IRONING,ROBOT_DISHES | ROBOT_IRONING | ROBOT_VACUUMING,0.0008010225281866917,0.696429025238711
ROBOT,triple_B+C-A,IRONING+VACUUMING-DISHES,ROBOT_DISHES | ROBOT_IRONING | ROBOT_VACUUMING,-0.0018815762271628628,0.9470532182229568
ROBOT,triple_sum,DISHES+LAUNDRY+MOPPING,ROBOT_DISHES | ROBOT_LAUNDRY | ROBOT_MOPPING,0.000640025347397806,0.6352453561204261
ROBOT,triple_A+B-C,DISHES+LAUNDRY-MOPPING,ROBOT_DISHES | ROBOT_LAUNDRY | ROBOT_MOPPING,-0.000641312452768125,0.2860097271301385
ROBOT,triple_A+C-B,DISHES+MOPPING-LAUNDRY,ROBOT_DISHES | ROBOT_LAUNDRY | ROBOT_MOPPING,0.0017655672636084081,0.8296623810563414
ROBOT,triple_B+C-A,LAUNDRY+MOPPING-DISHES,ROBOT_DISHES | ROBOT_LAUNDRY | ROBOT_MOPPING,-0.00048422946344247713,0.24327503073517476
ROBOT,triple_sum,DISHES+LAUNDRY+VACUUMING,ROBOT_DISHES | ROBOT_LAUNDRY | ROBOT_VACUUMING,-0.0005409204021732449,0.37333252373118264
ROBOT,triple_A+B-C,DISHES+LAUNDRY-VACUUMING,ROBOT_DISHES | ROBOT_LAUNDRY | ROBOT_VACUUMING,0.0005396332968029257,0.5898334528559739
ROBOT,triple_A+C-B,DISHES+VACUUMING-LAUNDRY,ROBOT_DISHES | ROBOT_LAUNDRY | ROBOT_VACUUMING,0.0005846215140373574,0.4733880472403245
ROBOT,triple_B+C-A,LAUNDRY+VACUUMING-DISHES,ROBOT_DISHES | ROBOT_LAUNDRY | ROBOT_VACUUMING,-0.0016651752130135277,0.8682185012313812
ROBOT,triple_sum,DISHES+MOPPING+VACUUMING,ROBOT_DISHES | ROBOT_MOPPING | ROBOT_VACUUMING,0.0006625194560150217,0.6514368882577233
ROBOT,triple_A+B-C,DISHES+MOPPING-VACUUMING,ROBOT_DISHES | ROBOT_MOPPING | ROBOT_VACUUMING,0.0017430731549911921,0.8715957399572404
ROBOT,triple_A+C-B,DISHES+VACUUMING-MOPPING,ROBOT_DISHES | ROBOT_MOPPING | ROBOT_VACUUMING,-0.0006188183441509092,0.2745120320425682
ROBOT,triple_B+C-A,MOPPING+VACUUMING-DISHES,ROBOT_DISHES | ROBOT_MOPPING | ROBOT_VACUUMING,-0.0004617353548252614,0.27887342000259197
ROBOT,triple_sum,IRONING+LAUNDRY+MOPPING,ROBOT_IRONING | ROBOT_LAUNDRY | ROBOT_MOPPING,-0.000701274030276971,0.5931418347583322
ROBOT,triple_A+B-C,IRONING+LAUNDRY-MOPPING,ROBOT_IRONING | ROBOT_LAUNDRY | ROBOT_MOPPING,-0.0019826118304429015,0.7567946789597636
ROBOT,triple_A+C-B,IRONING+MOPPING-LAUNDRY,ROBOT_IRONING | ROBOT_LAUNDRY | ROBOT_MOPPING,0.00042426788593363096,0.23675519834164072
ROBOT,triple_B+C-A,LAUNDRY+MOPPING-IRONING,ROBOT_IRONING | ROBOT_LAUNDRY | ROBOT_MOPPING,0.0008570699142322999,0.47743421722395346
ROBOT,triple_sum,IRONING+LAUNDRY+VACUUMING,ROBOT_IRONING | ROBOT_LAUNDRY | ROBOT_VACUUMING,-0.0018822197798480222,0.8511489462882825
ROBOT,triple_A+B-C,IRONING+LAUNDRY-VACUUMING,ROBOT_IRONING | ROBOT_LAUNDRY | ROBOT_VACUUMING,-0.000801666080871851,0.6089619915890626
ROBOT,triple_A+C-B,IRONING+VACUUMING-LAUNDRY,ROBOT_IRONING | ROBOT_LAUNDRY | ROBOT_VACUUMING,-0.0007566778636374197,0.6227820801870069
ROBOT,triple_B+C-A,LAUNDRY+VACUUMING-IRONING,ROBOT_IRONING | ROBOT_LAUNDRY | ROBOT_VACUUMING,-0.00032387583533875086,0.18270941440288047
ROBOT,triple_sum,IRONING+MOPPING+VACUUMING,ROBOT_IRONING | ROBOT_MOPPING | ROBOT_VACUUMING,-0.0006787799216597554,0.6816415593339469
ROBOT,triple_A+B-C,IRONING+MOPPING-VACUUMING,ROBOT_IRONING | ROBOT_MOPPING | ROBOT_VACUUMING,0.0004017737773164153,0.2405279538005388
ROBOT,triple_A+C-B,IRONING+VACUUMING-MOPPING,ROBOT_IRONING | ROBOT_MOPPING | ROBOT_VACUUMING,-0.0019601177218256864,0.7732407221221101
ROBOT,triple_B+C-A,MOPPING+VACUUMING-IRONING,ROBOT_IRONING | ROBOT_MOPPING | ROBOT_VACUUMING,0.0008795640228495156,0.5085082639192906
ROBOT,triple_sum,LAUNDRY+MOPPING+VACUUMING,ROBOT_LAUNDRY | ROBOT_MOPPING | ROBOT_VACUUMING,-0.000462378907510421,0.3545527345295995
ROBOT,triple_A+B-C,LAUNDRY+MOPPING-VACUUMING,ROBOT_LAUNDRY | ROBOT_MOPPING | ROBOT_VACUUMING,0.0006181747914657496,0.405053059854168
ROBOT,triple_A+C-B,LAUNDRY+VACUUMING-MOPPING,ROBOT_LAUNDRY | ROBOT_MOPPING | ROBOT_VACUUMING,-0.001743716707676352,0.7384341534619139
ROBOT,triple_B+C-A,MOPPING+VACUUMING-LAUNDRY,ROBOT_LAUNDRY | ROBOT_MOPPING | ROBOT_VACUUMING,0.0006631630087001809,0.4331109731166985
SLEEP,triple_sum,POD_COTTON+POD_LAMB_WOOL+POD_NYLON,SLEEP_POD_COTTON | SLEEP_POD_LAMB_WOOL | SLEEP_POD_NYLON,0.0012309046672554494,0.6207026144248007
SLEEP,triple_A+B-C,POD_COTTON+POD_LAMB_WOOL-POD_NYLON,SLEEP_POD_COTTON | SLEEP_POD_LAMB_WOOL | SLEEP_POD_NYLON,0.0005544086738237874,0.33017214234599157
SLEEP,triple_A+C-B,POD_COTTON+POD_NYLON-POD_LAMB_WOOL,SLEEP_POD_COTTON | SLEEP_POD_LAMB_WOOL | SLEEP_POD_NYLON,0.0010920053232988947,0.6764600042138547
SLEEP,triple_B+C-A,POD_LAMB_WOOL+POD_NYLON-POD_COTTON,SLEEP_POD_COTTON | SLEEP_POD_LAMB_WOOL | SLEEP_POD_NYLON,-0.00041550932986723313,0.1270926410419459
SLEEP,triple_sum,POD_COTTON+POD_LAMB_WOOL+POD_POLYESTER,SLEEP_POD_COTTON | SLEEP_POD_LAMB_WOOL | SLEEP_POD_POLYESTER,0.0019035330055439247,0.7879104751190444
SLEEP,triple_A+B-C,POD_COTTON+POD_LAMB_WOOL-POD_POLYESTER,SLEEP_POD_COTTON | SLEEP_POD_LAMB_WOOL | SLEEP_POD_POLYESTER,-0.00011821966446468853,0.022143796937803065
SLEEP,triple_A+C-B,POD_COTTON+POD_POLYESTER-POD_LAMB_WOOL,SLEEP_POD_COTTON | SLEEP_POD_LAMB_WOOL | SLEEP_POD_POLYESTER,0.0017646336615873709,0.6834349183505319
SLEEP,triple_B+C-A,POD_LAMB_WOOL+POD_POLYESTER-POD_COTTON,SLEEP_POD_COTTON | SLEEP_POD_LAMB_WOOL | SLEEP_POD_POLYESTER,0.0002571190084212434,0.15629680010993913
SLEEP,triple_sum,POD_COTTON+POD_LAMB_WOOL+POD_SUEDE,SLEEP_POD_COTTON | SLEEP_POD_LAMB_WOOL | SLEEP_POD_SUEDE,0.0017477231802208038,0.7925579606592095
SLEEP,triple_A+B-C,POD_COTTON+POD_LAMB_WOOL-POD_SUEDE,SLEEP_POD_COTTON | SLEEP_POD_LAMB_WOOL | SLEEP_POD_SUEDE,3.7590160858433525e-05,0.0014309834532321597
SLEEP,triple_A+C-B,POD_COTTON+POD_SUEDE-POD_LAMB_WOOL,SLEEP_POD_COTTON | SLEEP_POD_LAMB_WOOL | SLEEP_POD_SUEDE,0.001608823836264249,0.6725387986288288
SLEEP,triple_B+C-A,POD_LAMB_WOOL+POD_SUEDE-POD_COTTON,SLEEP_POD_COTTON | SLEEP_POD_LAMB_WOOL | SLEEP_POD_SUEDE,0.00010130918309812127,0.013827884954425258
SLEEP,triple_sum,POD_COTTON+POD_NYLON+POD_POLYESTER,SLEEP_POD_COTTON | SLEEP_POD_NYLON | SLEEP_POD_POLYESTER,0.00217233133028148,0.8454791188637903
SLEEP,triple_A+B-C,POD_COTTON+POD_NYLON-POD_POLYESTER,SLEEP_POD_COTTON | SLEEP_POD_NYLON | SLEEP_POD_POLYESTER,0.0001505786602728652,0.03170048598264256
SLEEP,triple_A+C-B,POD_COTTON+POD_POLYESTER-POD_NYLON,SLEEP_POD_COTTON | SLEEP_POD_NYLON | SLEEP_POD_POLYESTER,0.0014958353368498165,0.587503637966297
SLEEP,triple_B+C-A,POD_NYLON+POD_POLYESTER-POD_COTTON,SLEEP_POD_COTTON | SLEEP_POD_NYLON | SLEEP_POD_POLYESTER,0.0005259173331587969,0.4820465065154275
SLEEP,triple_sum,POD_COTTON+POD_NYLON+POD_SUEDE,SLEEP_POD_COTTON | SLEEP_POD_NYLON | SLEEP_POD_SUEDE,0.002016521504958357,0.8689398237070854
SLEEP,triple_A+B-C,POD_COTTON+POD_NYLON-POD_SUEDE,SLEEP_POD_COTTON | SLEEP_POD_NYLON | SLEEP_POD_SUEDE,0.0003063884855959872,0.07640794987829427
SLEEP,triple_A+C-B,POD_COTTON+POD_SUEDE-POD_NYLON,SLEEP_POD_COTTON | SLEEP_POD_NYLON | SLEEP_POD_SUEDE,0.0013400255115266948,0.5511851793294499
SLEEP,triple_B+C-A,POD_NYLON+POD_SUEDE-POD_COTTON,SLEEP_POD_COTTON | SLEEP_POD_NYLON | SLEEP_POD_SUEDE,0.00037010750783567504,0.1861111457977097
SLEEP,triple_sum,POD_COTTON+POD_POLYESTER+POD_SUEDE,SLEEP_POD_COTTON | SLEEP_POD_POLYESTER | SLEEP_POD_SUEDE,0.0026891498432468327,0.808935457967924
SLEEP,triple_A+B-C,POD_COTTON+POD_POLYESTER-POD_SUEDE,SLEEP_POD_COTTON | SLEEP_POD_POLYESTER | SLEEP_POD_SUEDE,0.0009790168238844633,0.4992068523776613
SLEEP,triple_A+C-B,POD_COTTON+POD_SUEDE-POD_POLYESTER,SLEEP_POD_COTTON | SLEEP_POD_POLYESTER | SLEEP_POD_SUEDE,0.0006673971732382188,0.5203705571822422
SLEEP,triple_B+C-A,POD_POLYESTER+POD_SUEDE-POD_COTTON,SLEEP_POD_COTTON | SLEEP_POD_POLYESTER | SLEEP_POD_SUEDE,0.001042735846124151,0.5714743853258505
SLEEP,triple_sum,POD_LAMB_WOOL+POD_NYLON+POD_POLYESTER,SLEEP_POD_LAMB_WOOL | SLEEP_POD_NYLON | SLEEP_POD_POLYESTER,0.0014185740036984163,0.8083015276591918
SLEEP,triple_A+B-C,POD_LAMB_WOOL+POD_NYLON-POD_POLYESTER,SLEEP_POD_LAMB_WOOL | SLEEP_POD_NYLON | SLEEP_POD_POLYESTER,-0.0006031786663101984,0.20710675768775605
SLEEP,triple_A+C-B,POD_LAMB_WOOL+POD_POLYESTER-POD_NYLON,SLEEP_POD_LAMB_WOOL | SLEEP_POD_NYLON | SLEEP_POD_POLYESTER,0.0007420780102667531,0.4912267251012841
SLEEP,triple_B+C-A,POD_NYLON+POD_POLYESTER-POD_LAMB_WOOL,SLEEP_POD_LAMB_WOOL | SLEEP_POD_NYLON | SLEEP_POD_POLYESTER,0.0012796746597418605,0.8108367956373218
SLEEP,triple_sum,POD_LAMB_WOOL+POD_NYLON+POD_SUEDE,SLEEP_POD_LAMB_WOOL | SLEEP_POD_NYLON | SLEEP_POD_SUEDE,0.0012627641783752933,0.75885211871533
SLEEP,triple_A+B-C,POD_LAMB_WOOL+POD_NYLON-POD_SUEDE,SLEEP_POD_LAMB_WOOL | SLEEP_POD_NYLON | SLEEP_POD_SUEDE,-0.00044736884098707644,0.11393908698023743
SLEEP,triple_A+C-B,POD_LAMB_WOOL+POD_SUEDE-POD_NYLON,SLEEP_POD_LAMB_WOOL | SLEEP_POD_NYLON | SLEEP_POD_SUEDE,0.0005862681849436313,0.3171272063759284
SLEEP,triple_B+C-A,POD_NYLON+POD_SUEDE-POD_LAMB_WOOL,SLEEP_POD_LAMB_WOOL | SLEEP_POD_NYLON | SLEEP_POD_SUEDE,0.0011238648344187388,0.7570833978032007
SLEEP,triple_sum,POD_LAMB_WOOL+POD_POLYESTER+POD_SUEDE,SLEEP_POD_LAMB_WOOL | SLEEP_POD_POLYESTER | SLEEP_POD_SUEDE,0.0019353925166637686,0.8329972136712505
SLEEP,triple_A+B-C,POD_LAMB_WOOL+POD_POLYESTER-POD_SUEDE,SLEEP_POD_LAMB_WOOL | SLEEP_POD_POLYESTER | SLEEP_POD_SUEDE,0.00022525949730139947,0.08696459477022328
SLEEP,triple_A+C-B,POD_LAMB_WOOL+POD_SUEDE-POD_POLYESTER,SLEEP_POD_LAMB_WOOL | SLEEP_POD_POLYESTER | SLEEP_POD_SUEDE,-8.63601533448446e-05,0.013648737303240347
SLEEP,triple_B+C-A,POD_POLYESTER+POD_SUEDE-POD_LAMB_WOOL,SLEEP_POD_LAMB_WOOL | SLEEP_POD_POLYESTER | SLEEP_POD_SUEDE,0.0017964931727072137,0.6867629516481897
SLEEP,triple_sum,POD_NYLON+POD_POLYESTER+POD_SUEDE,SLEEP_POD_NYLON | SLEEP_POD_POLYESTER | SLEEP_POD_SUEDE,0.0022041908414013227,0.907155093106281
SLEEP,triple_A+B-C,POD_NYLON+POD_POLYESTER-POD_SUEDE,SLEEP_POD_NYLON | SLEEP_POD_POLYESTER | SLEEP_POD_SUEDE,0.0004940578220389531,0.2845030627582959
SLEEP,triple_A+C-B,POD_NYLON+POD_SUEDE-POD_POLYESTER,SLEEP_POD_NYLON | SLEEP_POD_POLYESTER | SLEEP_POD_SUEDE,0.0001824381713927092,0.06566660566990475
SLEEP,triple_B+C-A,POD_POLYESTER+POD_SUEDE-POD_NYLON,SLEEP_POD_NYLON | SLEEP_POD_POLYESTER | SLEEP_POD_SUEDE,0.001527694847969661,0.5726772879789377
SNACKPACK,triple_sum,CHOCOLATE+PISTACHIO+RASPBERRY,SNACKPACK_CHOCOLATE | SNACKPACK_PISTACHIO | SNACKPACK_RASPBERRY,-0.0003209070188676744,0.6948001536874159
SNACKPACK,triple_A+B-C,CHOCOLATE+PISTACHIO-RASPBERRY,SNACKPACK_CHOCOLATE | SNACKPACK_PISTACHIO | SNACKPACK_RASPBERRY,-0.00033428145400697933,0.49820416969630615
SNACKPACK,triple_A+C-B,CHOCOLATE+RASPBERRY-PISTACHIO,SNACKPACK_CHOCOLATE | SNACKPACK_PISTACHIO | SNACKPACK_RASPBERRY,2.2698752471887512e-05,0.0037269836669291353
SNACKPACK,triple_B+C-A,PISTACHIO+RASPBERRY-CHOCOLATE,SNACKPACK_CHOCOLATE | SNACKPACK_PISTACHIO | SNACKPACK_RASPBERRY,-9.324317332582558e-06,0.001914488490715903
SNACKPACK,triple_sum,CHOCOLATE+PISTACHIO+STRAWBERRY,SNACKPACK_CHOCOLATE | SNACKPACK_PISTACHIO | SNACKPACK_STRAWBERRY,2.567455474630505e-05,0.004757661814154224
SNACKPACK,triple_A+B-C,CHOCOLATE+PISTACHIO-STRAWBERRY,SNACKPACK_CHOCOLATE | SNACKPACK_PISTACHIO | SNACKPACK_STRAWBERRY,-0.0006808630276209588,0.9097787737896901
SNACKPACK,triple_A+C-B,CHOCOLATE+STRAWBERRY-PISTACHIO,SNACKPACK_CHOCOLATE | SNACKPACK_PISTACHIO | SNACKPACK_STRAWBERRY,0.0003692803260858669,0.6667140605998492
SNACKPACK,triple_B+C-A,PISTACHIO+STRAWBERRY-CHOCOLATE,SNACKPACK_CHOCOLATE | SNACKPACK_PISTACHIO | SNACKPACK_STRAWBERRY,0.00033725725628139686,0.4465618989622178
SNACKPACK,triple_sum,CHOCOLATE+PISTACHIO+VANILLA,SNACKPACK_CHOCOLATE | SNACKPACK_PISTACHIO | SNACKPACK_VANILLA,-0.00023772048400857833,0.7649317060960622
SNACKPACK,triple_A+B-C,CHOCOLATE+PISTACHIO-VANILLA,SNACKPACK_CHOCOLATE | SNACKPACK_PISTACHIO | SNACKPACK_VANILLA,-0.00041746798886607565,0.5682125008315194
SNACKPACK,triple_A+C-B,CHOCOLATE+VANILLA-PISTACHIO,SNACKPACK_CHOCOLATE | SNACKPACK_PISTACHIO | SNACKPACK_VANILLA,0.00010588528733098364,0.317186465465401
SNACKPACK,triple_B+C-A,PISTACHIO+VANILLA-CHOCOLATE,SNACKPACK_CHOCOLATE | SNACKPACK_PISTACHIO | SNACKPACK_VANILLA,7.386221752651356e-05,0.03488441631485138
SNACKPACK,triple_sum,CHOCOLATE+RASPBERRY+STRAWBERRY,SNACKPACK_CHOCOLATE | SNACKPACK_RASPBERRY | SNACKPACK_STRAWBERRY,0.0002041646579857385,0.4201275687684347
SNACKPACK,triple_A+B-C,CHOCOLATE+RASPBERRY-STRAWBERRY,SNACKPACK_CHOCOLATE | SNACKPACK_RASPBERRY | SNACKPACK_STRAWBERRY,-0.0005023729243815254,0.5658884597335962
SNACKPACK,triple_A+C-B,CHOCOLATE+STRAWBERRY-RASPBERRY,SNACKPACK_CHOCOLATE | SNACKPACK_RASPBERRY | SNACKPACK_STRAWBERRY,0.0001907902228464336,0.16033725770760404
SNACKPACK,triple_B+C-A,RASPBERRY+STRAWBERRY-CHOCOLATE,SNACKPACK_CHOCOLATE | SNACKPACK_RASPBERRY | SNACKPACK_STRAWBERRY,0.0005157473595208305,0.8824726085033214
SNACKPACK,triple_sum,CHOCOLATE+RASPBERRY+VANILLA,SNACKPACK_CHOCOLATE | SNACKPACK_RASPBERRY | SNACKPACK_VANILLA,-5.9230380769144886e-05,0.06727001470759543
SNACKPACK,triple_A+B-C,CHOCOLATE+RASPBERRY-VANILLA,SNACKPACK_CHOCOLATE | SNACKPACK_RASPBERRY | SNACKPACK_VANILLA,-0.0002389778856266421,0.2532109893641529
SNACKPACK,triple_A+C-B,CHOCOLATE+VANILLA-RASPBERRY,SNACKPACK_CHOCOLATE | SNACKPACK_RASPBERRY | SNACKPACK_VANILLA,-7.260481590844981e-05,0.13104454287444686
SNACKPACK,triple_B+C-A,RASPBERRY+VANILLA-CHOCOLATE,SNACKPACK_CHOCOLATE | SNACKPACK_RASPBERRY | SNACKPACK_VANILLA,0.000252352320765947,0.2885237560490664
SNACKPACK,triple_sum,CHOCOLATE+STRAWBERRY+VANILLA,SNACKPACK_CHOCOLATE | SNACKPACK_STRAWBERRY | SNACKPACK_VANILLA,0.00028735119284483486,0.645587175969494
SNACKPACK,triple_A+B-C,CHOCOLATE+STRAWBERRY-VANILLA,SNACKPACK_CHOCOLATE | SNACKPACK_STRAWBERRY | SNACKPACK_VANILLA,0.00010760368798733742,0.056091055081601136
SNACKPACK,triple_A+C-B,CHOCOLATE+VANILLA-STRAWBERRY,SNACKPACK_CHOCOLATE | SNACKPACK_STRAWBERRY | SNACKPACK_VANILLA,-0.0004191863895224294,0.7319564589529315
SNACKPACK,triple_B+C-A,STRAWBERRY+VANILLA-CHOCOLATE,SNACKPACK_CHOCOLATE | SNACKPACK_STRAWBERRY | SNACKPACK_VANILLA,0.0005989338943799264,0.6959749678876304
SNACKPACK,triple_sum,PISTACHIO+RASPBERRY+STRAWBERRY,SNACKPACK_PISTACHIO | SNACKPACK_RASPBERRY | SNACKPACK_STRAWBERRY,0.00018815312308350353,0.49838569294074947
SNACKPACK,triple_A+B-C,PISTACHIO+RASPBERRY-STRAWBERRY,SNACKPACK_PISTACHIO | SNACKPACK_RASPBERRY | SNACKPACK_STRAWBERRY,-0.0005183844592837604,0.7309516260365791
SNACKPACK,triple_A+C-B,PISTACHIO+STRAWBERRY-RASPBERRY,SNACKPACK_PISTACHIO | SNACKPACK_RASPBERRY | SNACKPACK_STRAWBERRY,0.00017477868794419851,0.10473159422598595
SNACKPACK,triple_B+C-A,RASPBERRY+STRAWBERRY-PISTACHIO,SNACKPACK_PISTACHIO | SNACKPACK_RASPBERRY | SNACKPACK_STRAWBERRY,0.0005317588944230655,0.8951207450737176
SNACKPACK,triple_sum,PISTACHIO+RASPBERRY+VANILLA,SNACKPACK_PISTACHIO | SNACKPACK_RASPBERRY | SNACKPACK_VANILLA,-7.524191567137989e-05,0.09529954180354412
SNACKPACK,triple_A+B-C,PISTACHIO+RASPBERRY-VANILLA,SNACKPACK_PISTACHIO | SNACKPACK_RASPBERRY | SNACKPACK_VANILLA,-0.00025498942052887665,0.5818056734251185
SNACKPACK,triple_A+C-B,PISTACHIO+VANILLA-RASPBERRY,SNACKPACK_PISTACHIO | SNACKPACK_RASPBERRY | SNACKPACK_VANILLA,-8.861635081068483e-05,0.05596726107412371
SNACKPACK,triple_B+C-A,RASPBERRY+VANILLA-PISTACHIO,SNACKPACK_PISTACHIO | SNACKPACK_RASPBERRY | SNACKPACK_VANILLA,0.000268363855668182,0.36053463768673
SNACKPACK,triple_sum,PISTACHIO+STRAWBERRY+VANILLA,SNACKPACK_PISTACHIO | SNACKPACK_STRAWBERRY | SNACKPACK_VANILLA,0.0002713396579425996,0.35627168914289736
SNACKPACK,triple_A+B-C,PISTACHIO+STRAWBERRY-VANILLA,SNACKPACK_PISTACHIO | SNACKPACK_STRAWBERRY | SNACKPACK_VANILLA,9.159215308510233e-05,0.05111125255424611
SNACKPACK,triple_A+C-B,PISTACHIO+VANILLA-STRAWBERRY,SNACKPACK_PISTACHIO | SNACKPACK_STRAWBERRY | SNACKPACK_VANILLA,-0.0004351979244246642,0.7049961900998908
SNACKPACK,triple_B+C-A,STRAWBERRY+VANILLA-PISTACHIO,SNACKPACK_PISTACHIO | SNACKPACK_STRAWBERRY | SNACKPACK_VANILLA,0.0006149454292821615,0.8940661261341066
SNACKPACK,triple_sum,RASPBERRY+STRAWBERRY+VANILLA,SNACKPACK_RASPBERRY | SNACKPACK_STRAWBERRY | SNACKPACK_VANILLA,0.000449829761182033,0.8428807860473361
SNACKPACK,triple_A+B-C,RASPBERRY+STRAWBERRY-VANILLA,SNACKPACK_RASPBERRY | SNACKPACK_STRAWBERRY | SNACKPACK_VANILLA,0.00027008225632453586,0.5281973455738904
SNACKPACK,triple_A+C-B,RASPBERRY+VANILLA-STRAWBERRY,SNACKPACK_RASPBERRY | SNACKPACK_STRAWBERRY | SNACKPACK_VANILLA,-0.0002567078211852309,0.23718518043392714
SNACKPACK,triple_B+C-A,STRAWBERRY+VANILLA-RASPBERRY,SNACKPACK_RASPBERRY | SNACKPACK_STRAWBERRY | SNACKPACK_VANILLA,0.00043645532604272806,0.5111078965160909
TRANSLATOR,triple_sum,ASTRO_BLACK+ECLIPSE_CHARCOAL+GRAPHITE_MIST,TRANSLATOR_ASTRO_BLACK | TRANSLATOR_ECLIPSE_CHARCOAL | TRANSLATOR_GRAPHITE_MIST,-8.138090162597883e-05,0.011294096665576627
TRANSLATOR,triple_A+B-C,ASTRO_BLACK+ECLIPSE_CHARCOAL-GRAPHITE_MIST,TRANSLATOR_ASTRO_BLACK | TRANSLATOR_ECLIPSE_CHARCOAL | TRANSLATOR_GRAPHITE_MIST,-0.0006104612111538455,0.42686846097726844
TRANSLATOR,triple_A+C-B,ASTRO_BLACK+GRAPHITE_MIST-ECLIPSE_CHARCOAL,TRANSLATOR_ASTRO_BLACK | TRANSLATOR_ECLIPSE_CHARCOAL | TRANSLATOR_GRAPHITE_MIST,-0.00017100683798111865,0.0363364355753212
TRANSLATOR,triple_B+C-A,ECLIPSE_CHARCOAL+GRAPHITE_MIST-ASTRO_BLACK,TRANSLATOR_ASTRO_BLACK | TRANSLATOR_ECLIPSE_CHARCOAL | TRANSLATOR_GRAPHITE_MIST,0.0007000871475089858,0.48036094029730764
TRANSLATOR,triple_sum,ASTRO_BLACK+ECLIPSE_CHARCOAL+SPACE_GRAY,TRANSLATOR_ASTRO_BLACK | TRANSLATOR_ECLIPSE_CHARCOAL | TRANSLATOR_SPACE_GRAY,-0.0007122588848469546,0.6354371944992966
TRANSLATOR,triple_A+B-C,ASTRO_BLACK+ECLIPSE_CHARCOAL-SPACE_GRAY,TRANSLATOR_ASTRO_BLACK | TRANSLATOR_ECLIPSE_CHARCOAL | TRANSLATOR_SPACE_GRAY,2.0416772067129795e-05,0.0006226140643480675
TRANSLATOR,triple_A+C-B,ASTRO_BLACK+SPACE_GRAY-ECLIPSE_CHARCOAL,TRANSLATOR_ASTRO_BLACK | TRANSLATOR_ECLIPSE_CHARCOAL | TRANSLATOR_SPACE_GRAY,-0.0008018848212020944,0.5715294597836037
TRANSLATOR,triple_B+C-A,ECLIPSE_CHARCOAL+SPACE_GRAY-ASTRO_BLACK,TRANSLATOR_ASTRO_BLACK | TRANSLATOR_ECLIPSE_CHARCOAL | TRANSLATOR_SPACE_GRAY,6.92091642880102e-05,0.006760737153756633
TRANSLATOR,triple_sum,ASTRO_BLACK+ECLIPSE_CHARCOAL+VOID_BLUE,TRANSLATOR_ASTRO_BLACK | TRANSLATOR_ECLIPSE_CHARCOAL | TRANSLATOR_VOID_BLUE,0.00017108112353120126,0.048969488150184634
TRANSLATOR,triple_A+B-C,ASTRO_BLACK+ECLIPSE_CHARCOAL-VOID_BLUE,TRANSLATOR_ASTRO_BLACK | TRANSLATOR_ECLIPSE_CHARCOAL | TRANSLATOR_VOID_BLUE,-0.0008629232363110256,0.6825065752600841
TRANSLATOR,triple_A+C-B,ASTRO_BLACK+VOID_BLUE-ECLIPSE_CHARCOAL,TRANSLATOR_ASTRO_BLACK | TRANSLATOR_ECLIPSE_CHARCOAL | TRANSLATOR_VOID_BLUE,8.145518717606135e-05,0.024835874993783844
TRANSLATOR,triple_B+C-A,ECLIPSE_CHARCOAL+VOID_BLUE-ASTRO_BLACK,TRANSLATOR_ASTRO_BLACK | TRANSLATOR_ECLIPSE_CHARCOAL | TRANSLATOR_VOID_BLUE,0.0009525491726661659,0.5076728624890726
TRANSLATOR,triple_sum,ASTRO_BLACK+GRAPHITE_MIST+SPACE_GRAY,TRANSLATOR_ASTRO_BLACK | TRANSLATOR_GRAPHITE_MIST | TRANSLATOR_SPACE_GRAY,-0.0004925316982605907,0.23780203846494202
TRANSLATOR,triple_A+B-C,ASTRO_BLACK+GRAPHITE_MIST-SPACE_GRAY,TRANSLATOR_ASTRO_BLACK | TRANSLATOR_GRAPHITE_MIST | TRANSLATOR_SPACE_GRAY,0.0002401439586534933,0.08148945992422066
TRANSLATOR,triple_A+C-B,ASTRO_BLACK+SPACE_GRAY-GRAPHITE_MIST,TRANSLATOR_ASTRO_BLACK | TRANSLATOR_GRAPHITE_MIST | TRANSLATOR_SPACE_GRAY,-0.0010216120077884577,0.8475041140208718
TRANSLATOR,triple_B+C-A,GRAPHITE_MIST+SPACE_GRAY-ASTRO_BLACK,TRANSLATOR_ASTRO_BLACK | TRANSLATOR_GRAPHITE_MIST | TRANSLATOR_SPACE_GRAY,0.0002889363508743738,0.08361242393560187
TRANSLATOR,triple_sum,ASTRO_BLACK+GRAPHITE_MIST+VOID_BLUE,TRANSLATOR_ASTRO_BLACK | TRANSLATOR_GRAPHITE_MIST | TRANSLATOR_VOID_BLUE,0.00039080831011756474,0.27945825743481806
TRANSLATOR,triple_A+B-C,ASTRO_BLACK+GRAPHITE_MIST-VOID_BLUE,TRANSLATOR_ASTRO_BLACK | TRANSLATOR_GRAPHITE_MIST | TRANSLATOR_VOID_BLUE,-0.0006431960497246622,0.2950505791831738
TRANSLATOR,triple_A+C-B,ASTRO_BLACK+VOID_BLUE-GRAPHITE_MIST,TRANSLATOR_ASTRO_BLACK | TRANSLATOR_GRAPHITE_MIST | TRANSLATOR_VOID_BLUE,-0.00013827199941030227,0.02957431340710855
TRANSLATOR,triple_B+C-A,GRAPHITE_MIST+VOID_BLUE-ASTRO_BLACK,TRANSLATOR_ASTRO_BLACK | TRANSLATOR_GRAPHITE_MIST | TRANSLATOR_VOID_BLUE,0.0011722763592525293,0.7616313015514247
TRANSLATOR,triple_sum,ASTRO_BLACK+SPACE_GRAY+VOID_BLUE,TRANSLATOR_ASTRO_BLACK | TRANSLATOR_SPACE_GRAY | TRANSLATOR_VOID_BLUE,-0.00024006967310341064,0.16825622918648195
TRANSLATOR,triple_A+B-C,ASTRO_BLACK+SPACE_GRAY-VOID_BLUE,TRANSLATOR_ASTRO_BLACK | TRANSLATOR_SPACE_GRAY | TRANSLATOR_VOID_BLUE,-0.001274074032945638,0.7591066088900695
TRANSLATOR,triple_A+C-B,ASTRO_BLACK+VOID_BLUE-SPACE_GRAY,TRANSLATOR_ASTRO_BLACK | TRANSLATOR_SPACE_GRAY | TRANSLATOR_VOID_BLUE,0.0004926059838106735,0.28251502606042717
TRANSLATOR,triple_B+C-A,SPACE_GRAY+VOID_BLUE-ASTRO_BLACK,TRANSLATOR_ASTRO_BLACK | TRANSLATOR_SPACE_GRAY | TRANSLATOR_VOID_BLUE,0.0005413983760315536,0.27227369604512236
TRANSLATOR,triple_sum,ECLIPSE_CHARCOAL+GRAPHITE_MIST+SPACE_GRAY,TRANSLATOR_ECLIPSE_CHARCOAL | TRANSLATOR_GRAPHITE_MIST | TRANSLATOR_SPACE_GRAY,-5.698470551553851e-05,0.004225837775579476
TRANSLATOR,triple_A+B-C,ECLIPSE_CHARCOAL+GRAPHITE_MIST-SPACE_GRAY,TRANSLATOR_ECLIPSE_CHARCOAL | TRANSLATOR_GRAPHITE_MIST | TRANSLATOR_SPACE_GRAY,0.0006756909513985457,0.5232222275915462
TRANSLATOR,triple_A+C-B,ECLIPSE_CHARCOAL+SPACE_GRAY-GRAPHITE_MIST,TRANSLATOR_ECLIPSE_CHARCOAL | TRANSLATOR_GRAPHITE_MIST | TRANSLATOR_SPACE_GRAY,-0.0005860650150434057,0.44941391969872957
TRANSLATOR,triple_B+C-A,GRAPHITE_MIST+SPACE_GRAY-ECLIPSE_CHARCOAL,TRANSLATOR_ECLIPSE_CHARCOAL | TRANSLATOR_GRAPHITE_MIST | TRANSLATOR_SPACE_GRAY,-0.0001466106418706785,0.022677501837049127
TRANSLATOR,triple_sum,ECLIPSE_CHARCOAL+GRAPHITE_MIST+VOID_BLUE,TRANSLATOR_ECLIPSE_CHARCOAL | TRANSLATOR_GRAPHITE_MIST | TRANSLATOR_VOID_BLUE,0.000826355302862617,0.5405862957165186
TRANSLATOR,triple_A+B-C,ECLIPSE_CHARCOAL+GRAPHITE_MIST-VOID_BLUE,TRANSLATOR_ECLIPSE_CHARCOAL | TRANSLATOR_GRAPHITE_MIST | TRANSLATOR_VOID_BLUE,-0.00020764905697961,0.07202208027344918
TRANSLATOR,triple_A+C-B,ECLIPSE_CHARCOAL+VOID_BLUE-GRAPHITE_MIST,TRANSLATOR_ECLIPSE_CHARCOAL | TRANSLATOR_GRAPHITE_MIST | TRANSLATOR_VOID_BLUE,0.0002972749933347499,0.07700524266171684
TRANSLATOR,triple_B+C-A,GRAPHITE_MIST+VOID_BLUE-ECLIPSE_CHARCOAL,TRANSLATOR_ECLIPSE_CHARCOAL | TRANSLATOR_GRAPHITE_MIST | TRANSLATOR_VOID_BLUE,0.0007367293665074768,0.6911246433475583
TRANSLATOR,triple_sum,ECLIPSE_CHARCOAL+SPACE_GRAY+VOID_BLUE,TRANSLATOR_ECLIPSE_CHARCOAL | TRANSLATOR_SPACE_GRAY | TRANSLATOR_VOID_BLUE,0.00019547731964164152,0.05141905566187257
TRANSLATOR,triple_A+B-C,ECLIPSE_CHARCOAL+SPACE_GRAY-VOID_BLUE,TRANSLATOR_ECLIPSE_CHARCOAL | TRANSLATOR_SPACE_GRAY | TRANSLATOR_VOID_BLUE,-0.0008385270402005855,0.6901053618342025
TRANSLATOR,triple_A+C-B,ECLIPSE_CHARCOAL+VOID_BLUE-SPACE_GRAY,TRANSLATOR_ECLIPSE_CHARCOAL | TRANSLATOR_SPACE_GRAY | TRANSLATOR_VOID_BLUE,0.0009281529765557254,0.5139628339650607
TRANSLATOR,triple_B+C-A,SPACE_GRAY+VOID_BLUE-ECLIPSE_CHARCOAL,TRANSLATOR_ECLIPSE_CHARCOAL | TRANSLATOR_SPACE_GRAY | TRANSLATOR_VOID_BLUE,0.00010585138328650152,0.029989642880024637
TRANSLATOR,triple_sum,GRAPHITE_MIST+SPACE_GRAY+VOID_BLUE,TRANSLATOR_GRAPHITE_MIST | TRANSLATOR_SPACE_GRAY | TRANSLATOR_VOID_BLUE,0.0004152045062280048,0.21078582644717012
TRANSLATOR,triple_A+B-C,GRAPHITE_MIST+SPACE_GRAY-VOID_BLUE,TRANSLATOR_GRAPHITE_MIST | TRANSLATOR_SPACE_GRAY | TRANSLATOR_VOID_BLUE,-0.0006187998536142219,0.26301288130235057
TRANSLATOR,triple_A+C-B,GRAPHITE_MIST+VOID_BLUE-SPACE_GRAY,TRANSLATOR_GRAPHITE_MIST | TRANSLATOR_SPACE_GRAY | TRANSLATOR_VOID_BLUE,0.0011478801631420892,0.8407080893588956
TRANSLATOR,triple_B+C-A,SPACE_GRAY+VOID_BLUE-GRAPHITE_MIST,TRANSLATOR_GRAPHITE_MIST | TRANSLATOR_SPACE_GRAY | TRANSLATOR_VOID_BLUE,-0.000113875803299862,0.02068078712854194
UV,triple_sum,VISOR_AMBER+VISOR_MAGENTA+VISOR_ORANGE,UV_VISOR_AMBER | UV_VISOR_MAGENTA | UV_VISOR_ORANGE,-0.00013452956516058845,0.05974808489224879
UV,triple_A+B-C,VISOR_AMBER+VISOR_MAGENTA-VISOR_ORANGE,UV_VISOR_AMBER | UV_VISOR_MAGENTA | UV_VISOR_ORANGE,-0.0009002923474981025,0.6092533545760476
UV,triple_A+C-B,VISOR_AMBER+VISOR_ORANGE-VISOR_MAGENTA,UV_VISOR_AMBER | UV_VISOR_MAGENTA | UV_VISOR_ORANGE,-0.0012984872665027637,0.8109333917201632
UV,triple_B+C-A,VISOR_MAGENTA+VISOR_ORANGE-VISOR_AMBER,UV_VISOR_AMBER | UV_VISOR_MAGENTA | UV_VISOR_ORANGE,0.002064250048840277,0.8175030927570687
UV,triple_sum,VISOR_AMBER+VISOR_MAGENTA+VISOR_RED,UV_VISOR_AMBER | UV_VISOR_MAGENTA | UV_VISOR_RED,-4.501411921001564e-05,0.007970264154680265
UV,triple_A+B-C,VISOR_AMBER+VISOR_MAGENTA-VISOR_RED,UV_VISOR_AMBER | UV_VISOR_MAGENTA | UV_VISOR_RED,-0.0009898077934486751,0.6567849691051029
UV,triple_A+C-B,VISOR_AMBER+VISOR_RED-VISOR_MAGENTA,UV_VISOR_AMBER | UV_VISOR_MAGENTA | UV_VISOR_RED,-0.0012089718205521907,0.588948142226532
UV,triple_B+C-A,VISOR_MAGENTA+VISOR_RED-VISOR_AMBER,UV_VISOR_AMBER | UV_VISOR_MAGENTA | UV_VISOR_RED,0.0021537654947908504,0.942355912289454
UV,triple_sum,VISOR_AMBER+VISOR_MAGENTA+VISOR_YELLOW,UV_VISOR_AMBER | UV_VISOR_MAGENTA | UV_VISOR_YELLOW,-0.0005653514015148349,0.28187521304734214
UV,triple_A+B-C,VISOR_AMBER+VISOR_MAGENTA-VISOR_YELLOW,UV_VISOR_AMBER | UV_VISOR_MAGENTA | UV_VISOR_YELLOW,-0.0004694705111438562,0.23685570630064937
UV,triple_A+C-B,VISOR_AMBER+VISOR_YELLOW-VISOR_MAGENTA,UV_VISOR_AMBER | UV_VISOR_MAGENTA | UV_VISOR_YELLOW,-0.0017293091028570094,0.8985400642732533
UV,triple_B+C-A,VISOR_MAGENTA+VISOR_YELLOW-VISOR_AMBER,UV_VISOR_AMBER | UV_VISOR_MAGENTA | UV_VISOR_YELLOW,0.0016334282124860309,0.6071378941983668
UV,triple_sum,VISOR_AMBER+VISOR_ORANGE+VISOR_RED,UV_VISOR_AMBER | UV_VISOR_ORANGE | UV_VISOR_RED,-0.0002441115787123462,0.10115793058988128
UV,triple_A+B-C,VISOR_AMBER+VISOR_ORANGE-VISOR_RED,UV_VISOR_AMBER | UV_VISOR_ORANGE | UV_VISOR_RED,-0.001188905252951006,0.8264957916879452
UV,triple_A+C-B,VISOR_AMBER+VISOR_RED-VISOR_ORANGE,UV_VISOR_AMBER | UV_VISOR_ORANGE | UV_VISOR_RED,-0.00100987436104986,0.5226065281799178
UV,triple_B+C-A,VISOR_ORANGE+VISOR_RED-VISOR_AMBER,UV_VISOR_AMBER | UV_VISOR_ORANGE | UV_VISOR_RED,0.00195466803528852,0.8474497395971577
UV,triple_sum,VISOR_AMBER+VISOR_ORANGE+VISOR_YELLOW,UV_VISOR_AMBER | UV_VISOR_ORANGE | UV_VISOR_YELLOW,-0.0007644488610171654,0.5432928219117923
UV,triple_A+B-C,VISOR_AMBER+VISOR_ORANGE-VISOR_YELLOW,UV_VISOR_AMBER | UV_VISOR_ORANGE | UV_VISOR_YELLOW,-0.0006685679706461867,0.28983264844897905
UV,triple_A+C-B,VISOR_AMBER+VISOR_YELLOW-VISOR_ORANGE,UV_VISOR_AMBER | UV_VISOR_ORANGE | UV_VISOR_YELLOW,-0.00153021164335468,0.7337853384385546
UV,triple_B+C-A,VISOR_ORANGE+VISOR_YELLOW-VISOR_AMBER,UV_VISOR_AMBER | UV_VISOR_ORANGE | UV_VISOR_YELLOW,0.001434330752983701,0.5734745498272223
UV,triple_sum,VISOR_AMBER+VISOR_RED+VISOR_YELLOW,UV_VISOR_AMBER | UV_VISOR_RED | UV_VISOR_YELLOW,-0.0006749334150665926,0.5714005823202412
UV,triple_A+B-C,VISOR_AMBER+VISOR_RED-VISOR_YELLOW,UV_VISOR_AMBER | UV_VISOR_RED | UV_VISOR_YELLOW,-0.0005790525246956138,0.1541972537309744
UV,triple_A+C-B,VISOR_AMBER+VISOR_YELLOW-VISOR_RED,UV_VISOR_AMBER | UV_VISOR_RED | UV_VISOR_YELLOW,-0.0016197270893052523,0.7323945414226902
UV,triple_B+C-A,VISOR_RED+VISOR_YELLOW-VISOR_AMBER,UV_VISOR_AMBER | UV_VISOR_RED | UV_VISOR_YELLOW,0.0015238461989342735,0.7569290359724417
UV,triple_sum,VISOR_MAGENTA+VISOR_ORANGE+VISOR_RED,UV_VISOR_MAGENTA | UV_VISOR_ORANGE | UV_VISOR_RED,0.0014372570789591744,0.8091687672323796
UV,triple_A+B-C,VISOR_MAGENTA+VISOR_ORANGE-VISOR_RED,UV_VISOR_MAGENTA | UV_VISOR_ORANGE | UV_VISOR_RED,0.0004924634047205149,0.1966435652390866
UV,triple_A+C-B,VISOR_MAGENTA+VISOR_RED-VISOR_ORANGE,UV_VISOR_MAGENTA | UV_VISOR_ORANGE | UV_VISOR_RED,0.0006714942966216603,0.5765635224728828
UV,triple_B+C-A,VISOR_ORANGE+VISOR_RED-VISOR_MAGENTA,UV_VISOR_MAGENTA | UV_VISOR_ORANGE | UV_VISOR_RED,0.0002732993776169993,0.08314207251721321
UV,triple_sum,VISOR_MAGENTA+VISOR_ORANGE+VISOR_YELLOW,UV_VISOR_MAGENTA | UV_VISOR_ORANGE | UV_VISOR_YELLOW,0.0009169197966543554,0.35742259841287854
UV,triple_A+B-C,VISOR_MAGENTA+VISOR_ORANGE-VISOR_YELLOW,UV_VISOR_MAGENTA | UV_VISOR_ORANGE | UV_VISOR_YELLOW,0.001012800687025334,0.5853253001779861
UV,triple_A+C-B,VISOR_MAGENTA+VISOR_YELLOW-VISOR_ORANGE,UV_VISOR_MAGENTA | UV_VISOR_ORANGE | UV_VISOR_YELLOW,0.00015115701431684116,0.017121877330131385
UV,triple_B+C-A,VISOR_ORANGE+VISOR_YELLOW-VISOR_MAGENTA,UV_VISOR_MAGENTA | UV_VISOR_ORANGE | UV_VISOR_YELLOW,-0.00024703790468781986,0.09184018316322703
UV,triple_sum,VISOR_MAGENTA+VISOR_RED+VISOR_YELLOW,UV_VISOR_MAGENTA | UV_VISOR_RED | UV_VISOR_YELLOW,0.0010064352426049277,0.5863142827427092
UV,triple_A+B-C,VISOR_MAGENTA+VISOR_RED-VISOR_YELLOW,UV_VISOR_MAGENTA | UV_VISOR_RED | UV_VISOR_YELLOW,0.0011023161329759069,0.596070052060854
UV,triple_A+C-B,VISOR_MAGENTA+VISOR_YELLOW-VISOR_RED,UV_VISOR_MAGENTA | UV_VISOR_RED | UV_VISOR_YELLOW,6.164156836626821e-05,0.0018340433729399773
UV,triple_B+C-A,VISOR_RED+VISOR_YELLOW-VISOR_MAGENTA,UV_VISOR_MAGENTA | UV_VISOR_RED | UV_VISOR_YELLOW,-0.00015752245873724716,0.05052607219360226
UV,triple_sum,VISOR_ORANGE+VISOR_RED+VISOR_YELLOW,UV_VISOR_ORANGE | UV_VISOR_RED | UV_VISOR_YELLOW,0.0008073377831025973,0.4817182317710124
UV,triple_A+B-C,VISOR_ORANGE+VISOR_RED-VISOR_YELLOW,UV_VISOR_ORANGE | UV_VISOR_RED | UV_VISOR_YELLOW,0.0009032186734735765,0.34953800538947827
UV,triple_A+C-B,VISOR_ORANGE+VISOR_YELLOW-VISOR_RED,UV_VISOR_ORANGE | UV_VISOR_RED | UV_VISOR_YELLOW,-0.00013745589113606206,0.011951466434754754
UV,triple_B+C-A,VISOR_RED+VISOR_YELLOW-VISOR_ORANGE,UV_VISOR_ORANGE | UV_VISOR_RED | UV_VISOR_YELLOW,4.157500076508333e-05,0.002579008402241232
